enddate,approve,disapprove
1/22/2017,46,37
1/22/2017,45,45
1/24/2017,42.1,45.2
1/23/2017,45,46
1/24/2017,46,45
1/25/2017,36,44
1/25/2017,42.3,45.8
1/24/2017,57,43
1/25/2017,59,41
1/24/2017,44,44
1/25/2017,46,45
1/25/2017,41,35
1/26/2017,42.6,46.4
1/27/2017,44.5,45.5
1/26/2017,55,45
1/26/2017,45,48
1/28/2017,45.4,46
1/27/2017,42,50
1/29/2017,48.2,45.1
1/28/2017,42,51
1/29/2017,53,47
1/28/2017,49,41
1/30/2017,46.8,45.8
1/30/2017,48,50
1/30/2017,51,49
1/29/2017,43,50
1/30/2017,43,51
1/31/2017,45.3,46.9
1/31/2017,43,44
1/31/2017,43,52
1/31/2017,53,47
2/1/2017,45,47.9
2/2/2017,42,48
2/2/2017,45.3,47.4
2/1/2017,53,47
1/31/2017,47,49
2/1/2017,43,52
2/3/2017,44.9,47.7
2/2/2017,54,46
2/2/2017,43,52
2/2/2017,44,53
2/5/2017,46,52
2/4/2017,45.2,47.7
2/2/2017,40,48
2/3/2017,44,50
2/4/2017,48,43
2/5/2017,53,47
2/5/2017,47.5,46.8
2/4/2017,42,53
2/4/2017,47,43
2/6/2017,53,47
2/6/2017,42,51
2/5/2017,42,52
2/6/2017,48,48
2/6/2017,47.1,47.5
2/6/2017,42,54
2/7/2017,47.5,47.6
2/8/2017,47.5,47.6
2/7/2017,43,52
2/6/2017,48.1,47.2
2/7/2017,41,48
2/7/2017,53,47
2/9/2017,47.8,46.4
2/8/2017,43,52
2/8/2017,53,47
2/9/2017,52,48
2/8/2017,43,53
2/10/2017,46.7,47.6
2/9/2017,42,52
2/12/2017,46,53
2/11/2017,46.7,47.5
2/10/2017,41,53
2/12/2017,46.3,48.4
2/11/2017,40,55
2/12/2017,52,48
2/10/2017,49,45
2/12/2017,39,56
2/13/2017,52,48
2/12/2017,40,54
2/13/2017,46.3,48.5
2/13/2017,48,52
2/13/2017,48,47
2/14/2017,45.3,50.6
2/13/2017,40,54
2/14/2017,40,53
2/14/2017,43,47
2/14/2017,53,47
2/15/2017,45.8,50.4
2/15/2017,40,54
2/16/2017,45.9,50.2
2/15/2017,55,45
2/16/2017,55,45
2/17/2017,45,53
2/16/2017,38,56
2/17/2017,45.1,51.1
2/18/2017,44.3,52.1
2/17/2017,40,55
2/19/2017,43,54
2/19/2017,41,52
2/19/2017,45.3,50.5
2/18/2017,41,55
2/19/2017,51,49
2/19/2017,39,50
2/20/2017,45.5,49.9
2/19/2017,49,44
2/19/2017,42,53
2/20/2017,50,50
2/18/2017,41,47
2/20/2017,51,44
2/20/2017,43,51
2/21/2017,45.1,50
2/21/2017,39,51
2/21/2017,38,55
2/20/2017,41,53
2/22/2017,43,46
2/22/2017,44,48
2/21/2017,42,52
2/21/2017,51,49
2/22/2017,46,47.1
2/23/2017,44,54
2/22/2017,52,47
2/23/2017,45.8,47.3
2/22/2017,43,52
2/23/2017,53,47
2/24/2017,45.1,48
2/23/2017,43,52
2/22/2017,45,48
2/25/2017,45.1,47.9
2/24/2017,41,53
2/26/2017,45.6,48.2
2/26/2017,51,49
2/25/2017,41,54
2/27/2017,46.1,48.3
2/27/2017,50,50
2/26/2017,42,54
2/26/2017,50,45
2/27/2017,42,54
2/28/2017,46.1,48.4
3/1/2017,45.7,49.2
3/2/2017,45,53
2/28/2017,50,50
3/1/2017,41,50
2/28/2017,43,52
3/1/2017,52,48
3/4/2017,41,53
3/1/2017,43,51
3/2/2017,45.8,48.8
3/3/2017,45.6,48.7
3/2/2017,53,47
3/2/2017,43,51
3/3/2017,43,51
3/4/2017,45.4,48.2
3/4/2017,43,50
3/4/2017,45,52
3/5/2017,48,51
3/5/2017,52,48
3/5/2017,46.8,46.7
3/5/2017,46.9,44
3/6/2017,47.6,46
3/5/2017,44,50
3/6/2017,50,45
3/6/2017,51,49
3/5/2017,43,46
3/6/2017,41,52
3/7/2017,45,46
3/6/2017,40,45
3/6/2017,43,51
3/7/2017,47.6,46
3/12/2017,43,55
3/8/2017,48.3,45.6
3/7/2017,49,51
3/7/2017,42,53
3/9/2017,47,52
3/7/2017,42,49
3/8/2017,41,53
3/11/2017,44,51
3/9/2017,49,45.3
3/8/2017,49,51
3/10/2017,48.7,46.2
3/9/2017,48,52
3/9/2017,42,52
3/10/2017,44,49
3/11/2017,47.9,46.9
3/12/2017,36,58
3/12/2017,47,53
3/12/2017,47.1,47.8
3/11/2017,45,49
3/13/2017,52,43
3/13/2017,46,53
3/12/2017,43,50
3/12/2017,42,51
3/13/2017,46.9,48.3
3/14/2017,45.3,48.9
3/13/2017,39,55
3/14/2017,43,51
3/14/2017,45,54
3/16/2017,46,53
3/14/2017,40,54
3/15/2017,44.5,48.7
3/14/2017,41,49
3/15/2017,47,53
3/15/2017,42,53
3/16/2017,44.2,49
3/16/2017,41,54
3/16/2017,42,58
3/16/2017,49,51
3/16/2017,48,52
3/17/2017,44.4,48.8
3/17/2017,40,55
3/18/2017,42.4,50.4
3/19/2017,49,51
3/18/2017,37,58
3/19/2017,44.8,49.2
3/19/2017,39,55
3/20/2017,49,48
3/20/2017,50,50
3/19/2017,50,44
3/20/2017,45.7,48
3/20/2017,41,54
3/21/2017,46.3,47.7
3/20/2017,39,56
3/21/2017,37,56
3/21/2017,46,54
3/22/2017,45.9,48.2
3/21/2017,41,46
3/21/2017,40,55
3/23/2017,42,55
3/22/2017,47,53
3/22/2017,39,56
3/23/2017,48,46.5
3/23/2017,37,62
3/23/2017,41,54
3/24/2017,46.2,48.1
3/23/2017,44,56
3/24/2017,41,54
3/25/2017,46,48.9
3/26/2017,45,54
3/26/2017,44.2,49.8
3/25/2017,40,54
3/27/2017,39,47
3/27/2017,45,55
3/26/2017,36,57
3/27/2017,37,51
3/25/2017,45,50
3/27/2017,44.5,48.9
3/27/2017,42,58
3/27/2017,36,56
3/28/2017,43.4,49.2
3/28/2017,35,59
3/28/2017,40,52
3/28/2017,44,56
3/30/2017,44,56
3/28/2017,41,47
3/30/2017,34,56
3/29/2017,45,47.1
3/28/2017,40,53
3/30/2017,45.5,46.5
3/29/2017,44,56
3/29/2017,38,57
3/29/2017,40,53
3/29/2017,33,66
3/30/2017,38,56
3/30/2017,43,57
3/31/2017,47.2,45.9
4/1/2017,47.3,46.4
3/31/2017,40,56
4/2/2017,42,58
4/1/2017,38,57
4/3/2017,41,55
4/2/2017,47.4,47.3
4/1/2017,47,49
4/3/2017,35,57
4/2/2017,38,57
4/3/2017,46.2,49.5
4/3/2017,43,57
4/3/2017,39,55
4/4/2017,45.5,50.7
4/5/2017,45,51.1
4/6/2017,42,56
4/4/2017,42,52
4/4/2017,40,48
4/4/2017,46,54
4/5/2017,41,53
4/5/2017,46,54
4/5/2017,35,65
4/6/2017,44.3,51.6
4/6/2017,45,55
4/6/2017,40,54
4/7/2017,44.2,50.3
4/6/2017,39,48
4/8/2017,45.4,49.1
4/7/2017,40,54
4/8/2017,40,54
4/9/2017,46.5,47.8
4/9/2017,44,56
4/11/2017,39,54
4/9/2017,40,53
4/10/2017,48,46.3
4/9/2017,43,49
4/9/2017,48,47
4/10/2017,47,53
4/11/2017,48.5,46.6
4/10/2017,40,54
4/11/2017,47,53
4/12/2017,47.5,47.3
4/11/2017,41,52
4/13/2017,44,53
4/12/2017,48,52
4/11/2017,40,50
4/18/2017,39,61
4/12/2017,40,54
4/13/2017,47,48
4/12/2017,35,64
4/13/2017,40,55
4/13/2017,48,52
4/12/2017,39,48
4/14/2017,45.9,49.6
4/15/2017,44.7,50.7
4/14/2017,39,55
4/15/2017,48,45
4/16/2017,44.4,50.2
4/15/2017,41,53
4/16/2017,50,50
4/17/2017,43.2,52.5
4/17/2017,50,50
4/18/2017,40,56
4/17/2017,41,52
4/18/2017,42.4,53
4/17/2017,48,52
4/18/2017,42,52
4/18/2017,41,49
4/18/2017,48,52
4/19/2017,42,53.1
4/20/2017,45,54
4/18/2017,43,50
4/18/2017,34,65
4/19/2017,43,50
4/19/2017,49,51
4/20/2017,41.6,53.3
4/20/2017,43,51
4/20/2017,39,56
4/20/2017,49,51
4/25/2017,39,47
4/20/2017,40,54
4/21/2017,39.8,54.8
4/20/2017,42,53
4/21/2017,42,52
4/20/2017,42,49
4/22/2017,40.1,53.6
4/23/2017,45,50
4/22/2017,40,54
4/23/2017,51,49
4/23/2017,40,53.5
4/23/2017,40,54
4/24/2017,47,53
4/24/2017,39.7,53.9
4/24/2017,49,46
4/24/2017,51,45
4/25/2017,40.5,52.9
4/24/2017,41,53
4/24/2017,40,55
4/27/2017,46,52
4/25/2017,39,56
4/25/2017,45,48
4/25/2017,42,49
4/25/2017,44,54
4/26/2017,41.7,52.5
4/25/2017,46,54
4/26/2017,45,55
4/27/2017,41.5,53.2
4/26/2017,40,55
4/27/2017,32,68
4/28/2017,41.9,52.2
4/27/2017,47,53
4/27/2017,43,52
4/28/2017,43,51
4/29/2017,42.6,51.6
4/30/2017,47,53
4/29/2017,42,53
4/30/2017,43,51.7
5/1/2017,43.6,50.9
4/29/2017,44,50
5/1/2017,48,52
4/30/2017,48,45
4/30/2017,41,55
5/2/2017,43.4,51.6
5/1/2017,42,54
5/4/2017,45,52
5/2/2017,49,51
5/2/2017,42,52
5/4/2017,39,54
5/2/2017,43,47
5/3/2017,43.4,51.6
5/3/2017,48,52
5/4/2017,43.2,51.7
5/4/2017,46,54
5/4/2017,42,52
5/5/2017,43.6,51.2
5/6/2017,42.3,51.9
5/5/2017,40,54
5/5/2017,40,54
5/7/2017,45,54
5/6/2017,44,48
5/7/2017,42.9,50.9
5/6/2017,40,54
5/8/2017,46,54
5/7/2017,42,53
5/8/2017,42.8,51.6
5/9/2017,42.5,51.9
5/9/2017,36,58
5/8/2017,40,53
5/10/2017,41,53.4
5/9/2017,47,53
5/9/2017,40,53
5/11/2017,43,55
5/9/2017,41,51
5/10/2017,38,55
5/11/2017,42,52.9
5/10/2017,48,52
5/11/2017,45,55
5/11/2017,45,47
5/11/2017,41,54
5/12/2017,41.1,53.7
5/12/2017,40,55
5/13/2017,40.9,53.7
5/14/2017,40.9,53.5
5/14/2017,44,56
5/13/2017,39,54
5/20/2017,48,45
5/13/2017,39,56
5/14/2017,43,51
5/15/2017,39.6,54.6
5/15/2017,43,57
5/14/2017,40,54
5/14/2017,38,57
5/16/2017,38.8,55.5
5/15/2017,38,57
5/16/2017,38,57
5/18/2017,40,58
5/16/2017,44,56
5/17/2017,38.7,55.5
5/17/2017,39,53
5/16/2017,39,51
5/18/2017,38,56.2
5/17/2017,38,56
5/17/2017,44,55
5/18/2017,29,71
5/18/2017,38,56
5/18/2017,44,56
5/19/2017,37,57.4
5/18/2017,41,52
5/20/2017,37.1,56.8
5/19/2017,37,56
5/20/2017,39,56
5/21/2017,37.1,57.1
5/22/2017,37,58
5/20/2017,38,56
5/20/2017,45,55
5/21/2017,44,56
5/22/2017,36.6,57.3
5/21/2017,37,56
5/22/2017,46,50
5/22/2017,46,54
5/23/2017,37,55
5/23/2017,40,54
5/23/2017,37.3,56.9
5/22/2017,38,56
5/23/2017,40,53
5/24/2017,37.9,56.1
5/23/2017,39,51
5/23/2017,48,52
5/23/2017,39,55
5/25/2017,42,56
5/24/2017,48,52
5/25/2017,38.4,56.4
5/24/2017,39,55
5/25/2017,29.1,70.2
5/25/2017,41,54
5/25/2017,46,54
5/26/2017,37.9,56.6
5/26/2017,41,54
5/27/2017,38.8,55.8
5/27/2017,42,53
5/28/2017,39.5,54.9
5/28/2017,45,55
5/29/2017,44,56
5/29/2017,39.9,55.2
5/28/2017,42,53
5/30/2017,45,51
5/29/2017,41,54
5/30/2017,39.9,54.9
6/1/2017,41,57
5/30/2017,43,57
5/30/2017,41,53
5/30/2017,38,51
5/31/2017,41.2,54
6/1/2017,39.9,55.4
5/31/2017,47,51
5/31/2017,43,57
5/31/2017,40,54
6/1/2017,39,55
6/2/2017,38.4,57.6
5/31/2017,44,50
6/1/2017,44,56
6/2/2017,37,57
6/3/2017,39,57.1
6/4/2017,46,54
6/3/2017,36,58
6/4/2017,38.7,57.5
6/2/2017,44,52
6/5/2017,37.6,58.4
6/4/2017,37,57
6/5/2017,46,54
6/6/2017,37,55
6/6/2017,34,57
6/5/2017,41,53
6/6/2017,37.7,58.1
6/5/2017,38,57
6/6/2017,38,57
6/6/2017,45,55
6/7/2017,37.9,57.1
6/6/2017,38,54
6/8/2017,41,57
6/7/2017,46,54
6/7/2017,37,58
6/8/2017,36.9,57.9
6/8/2017,37,58
6/8/2017,46,54
6/9/2017,36.6,57.5
6/9/2017,39,56
6/10/2017,37.1,57.5
6/11/2017,37.5,57.1
6/11/2017,46,54
6/10/2017,38,58
6/12/2017,40.3,55.6
6/11/2017,41,52
6/12/2017,44,50
6/11/2017,35,64
6/12/2017,43,57
6/11/2017,36,59
6/13/2017,40.4,55.7
6/12/2017,41,55
6/12/2017,37,51
6/12/2017,36,60
6/13/2017,45,55
6/13/2017,36,59
6/13/2017,39,52
6/15/2017,43,55
6/14/2017,40.2,56.4
6/14/2017,38,57
6/15/2017,38.8,57.3
6/18/2017,39,55
6/14/2017,47,53
6/15/2017,38,57
6/16/2017,38.8,57.4
6/15/2017,50,50
6/17/2017,35.8,60.4
6/16/2017,39,55
6/18/2017,42,54
6/17/2017,39,55
6/18/2017,48,51
6/18/2017,36.7,59.8
6/18/2017,38,56
6/18/2017,36,57
6/19/2017,43,51
6/19/2017,36.7,59.5
6/18/2017,23.9,75.9
6/19/2017,40,56
6/19/2017,47,53
6/20/2017,37.6,58.6
6/19/2017,37,57
6/20/2017,40,55
6/21/2017,39.2,57
6/20/2017,40,49
6/20/2017,37,59
6/22/2017,43,54
6/20/2017,45,55
6/20/2017,37,58
6/22/2017,38.7,56.2
6/21/2017,48,52
6/21/2017,46,54
6/21/2017,39,56
6/21/2017,44,50
6/23/2017,37,56.7
6/22/2017,42,54
6/22/2017,46,54
6/23/2017,39,55
6/24/2017,35.9,57.2
6/22/2017,46,49
6/25/2017,47,53
6/25/2017,37,51
6/24/2017,45,51
6/24/2017,38,57
6/25/2017,35.9,56.9
6/26/2017,31,69
6/26/2017,34.4,58.2
6/26/2017,46,54
6/25/2017,36,58
6/26/2017,39,57
6/27/2017,35.4,58.1
6/27/2017,40,55
6/27/2017,39,56
6/27/2017,41.9,52.6
6/27/2017,44,50
6/27/2017,46,54
6/29/2017,37,58
6/28/2017,36.2,57.6
6/29/2017,41,56
6/27/2017,39,51
6/28/2017,40,56
6/28/2017,45,55
6/29/2017,36.6,56.6
6/29/2017,38,57
6/29/2017,46,54
6/30/2017,37.6,56.2
7/1/2017,38.7,54.7
6/30/2017,38,57
7/2/2017,38.1,54.9
7/1/2017,37,57
7/2/2017,44,56
7/3/2017,38.3,54.8
7/2/2017,39,56
7/3/2017,44,56
7/2/2017,30,69
7/3/2017,37,57
7/4/2017,37.8,56.8
7/5/2017,38.1,57.1
7/6/2017,43,55
7/4/2017,38,52
7/5/2017,44,56
7/5/2017,37,57
7/6/2017,38,57.8
7/6/2017,37,57
7/7/2017,39.2,57.1
7/6/2017,45,55
7/7/2017,38,56
7/8/2017,39.8,56.3
7/9/2017,45,55
7/8/2017,39,56
7/9/2017,39.3,56.9
7/9/2017,39,56
7/10/2017,45,55
7/10/2017,39.6,56.8
7/10/2017,38,57
7/9/2017,45,49
7/10/2017,40,55
7/11/2017,33,66
7/11/2017,39.9,56.2
7/12/2017,40.8,55.5
7/11/2017,45,55
7/11/2017,40,55
7/13/2017,42,56
7/11/2017,37,52
7/12/2017,40,56
7/13/2017,40.6,56
7/12/2017,44,56
7/12/2017,44,53
7/13/2017,36,58
7/14/2017,41.5,55.2
7/13/2017,43,57
7/13/2017,39,55
7/14/2017,38,57
7/15/2017,40.2,55.9
7/15/2017,43,51
7/16/2017,40.2,56
7/15/2017,38,56
7/16/2017,43,57
7/17/2017,43,57
7/16/2017,42,54
7/17/2017,37.7,58.1
7/16/2017,39,52
7/16/2017,39,56
7/19/2017,33,66
7/17/2017,41,55
7/17/2017,38,56
7/18/2017,37.6,58.1
7/19/2017,38.3,56.5
7/18/2017,42,58
7/18/2017,38,54
7/18/2017,41,53
7/20/2017,42,57
7/18/2017,37,57
7/19/2017,36,59
7/19/2017,43,57
7/20/2017,38.3,55.6
7/19/2017,44,51
7/20/2017,37,58
7/20/2017,35,57
7/21/2017,38,54.9
7/20/2017,43,57
7/21/2017,38,57
7/22/2017,36.8,55.1
7/23/2017,36.3,55.7
7/23/2017,44,56
7/22/2017,39,55
7/24/2017,44,52
7/24/2017,44,56
7/23/2017,37,58
7/24/2017,35.1,58.3
7/24/2017,42,58
7/24/2017,36,59
7/25/2017,35.2,59.1
7/26/2017,31,68
7/25/2017,39,51
7/25/2017,37,58
7/25/2017,43,57
7/26/2017,35.7,59.3
7/27/2017,39,58
7/26/2017,39,55
7/27/2017,37.7,57.9
7/26/2017,41,59
7/27/2017,39,54
7/31/2017,44,54
7/28/2017,36.6,58.9
7/27/2017,41,59
7/28/2017,39,56
7/29/2017,36.8,58.6
7/29/2017,43,53
7/30/2017,39,61
7/30/2017,37,58.5
7/29/2017,38,57
7/30/2017,37,59
7/31/2017,37.1,58.5
7/31/2017,39,61
8/1/2017,33,61
7/31/2017,37,59
8/1/2017,37.1,58.7
8/1/2017,38,62
8/1/2017,36,60
8/2/2017,37.5,57.7
8/3/2017,39,59
8/1/2017,37,54
8/3/2017,36.9,58.2
8/2/2017,39,60
8/2/2017,36,58
8/5/2017,32,59
8/3/2017,36,58
8/3/2017,39,59
8/4/2017,35.8,59
8/5/2017,35,60.2
8/4/2017,37,55
8/6/2017,41,57
8/5/2017,38,56
8/6/2017,36,61
8/6/2017,34.5,60.5
8/6/2017,40,55
8/6/2017,38,57
8/7/2017,41,57
8/7/2017,36.4,59.9
8/6/2017,38,56
8/6/2017,36,58
8/8/2017,37.3,58.9
8/9/2017,32,67
8/7/2017,44.5,50.6
8/7/2017,37,59
8/10/2017,41,57
8/9/2017,40,55
8/8/2017,36,58
8/9/2017,36.3,59.2
8/8/2017,42,56
8/8/2017,37,53
8/10/2017,37.9,56.6
8/9/2017,44,54
8/9/2017,36,57
8/11/2017,38.9,55.2
8/10/2017,37,56
8/10/2017,45,53
8/11/2017,37,57
8/10/2017,40,53
8/12/2017,37.3,56.6
8/12/2017,35,55
8/13/2017,36.3,56.6
8/12/2017,36,59
8/13/2017,43,55
8/14/2017,36,56.6
8/14/2017,41,49
8/15/2017,39,57
8/14/2017,42,57
8/13/2017,34,61
8/14/2017,43,51
8/15/2017,35.5,57.5
8/14/2017,36,59
8/15/2017,40,58
8/16/2017,33.8,59.6
8/15/2017,39,51
8/17/2017,40,58
8/15/2017,36,58
8/16/2017,40,59
8/15/2017,34,58
8/21/2017,36,63
8/15/2017,35,51
8/17/2017,42,55
8/17/2017,34.6,58.9
8/16/2017,37,57
8/17/2017,38,57
8/18/2017,34.9,59.2
8/17/2017,42,57
8/17/2017,43,55
8/18/2017,37,57
8/19/2017,35.9,58.5
8/20/2017,35.7,59.1
8/20/2017,42,57
8/20/2017,37,58
8/19/2017,36,58
8/19/2017,38,56
8/21/2017,43,56
8/20/2017,33,62
8/21/2017,36,63
8/19/2017,34,57
8/21/2017,35.9,59
8/20/2017,35,59
8/23/2017,31,68
8/22/2017,43,57
8/22/2017,35.8,59.3
8/22/2017,35,59
8/21/2017,35,60
8/21/2017,40,53
8/24/2017,39,59
8/22/2017,35,59
8/23/2017,35.9,59.2
8/22/2017,41,57
8/22/2017,39,51
8/23/2017,42,56
8/23/2017,34,60
8/24/2017,35.5,59.6
8/24/2017,42,56
8/25/2017,35.4,59
8/24/2017,34,60
8/25/2017,35,60
8/26/2017,36.1,58.4
8/26/2017,35,60
8/26/2017,39,54
8/27/2017,42,57
8/27/2017,36,58.3
8/27/2017,35,60
8/28/2017,36.6,58
8/28/2017,40,55
8/28/2017,48,50
8/28/2017,41,58
8/29/2017,36.7,58.2
8/31/2017,38,57
8/30/2017,36,64
8/28/2017,35,60
8/29/2017,39,59
8/29/2017,41,58
8/29/2017,38,53
8/29/2017,35,59
8/29/2017,41,55
8/31/2017,40,59
8/30/2017,37.6,58.4
8/30/2017,41,58
8/30/2017,34,60
8/31/2017,38.1,57.8
8/31/2017,34,61
8/31/2017,42,56
9/1/2017,37.9,58
9/2/2017,37.6,58.6
9/1/2017,34,61
9/3/2017,38.2,58.6
9/3/2017,43,55
9/8/2017,43,50
9/2/2017,36,58
9/4/2017,44,54
9/4/2017,39.1,57.5
9/3/2017,38,56
9/3/2017,43,52
9/6/2017,41,59
9/4/2017,37,56
9/5/2017,39.7,56.4
9/5/2017,41,52
9/6/2017,41,54.7
9/7/2017,40,57
9/5/2017,37,56
9/5/2017,45,53
9/6/2017,36,57
9/7/2017,40.9,54.8
9/6/2017,45,54
9/7/2017,36,57
9/8/2017,39.6,55.8
9/7/2017,46,53
9/9/2017,38.7,55.5
9/8/2017,38,56
9/10/2017,44,55
9/9/2017,39,51
9/9/2017,43,53
9/9/2017,38,56
9/10/2017,36.7,56.9
9/11/2017,44,54
9/11/2017,42,50
9/11/2017,35.3,58.1
9/10/2017,38,57
9/11/2017,43,56
9/11/2017,37,58
9/12/2017,34.7,58.6
9/12/2017,39,52
9/12/2017,37,57
9/14/2017,43,55
9/13/2017,35.3,58.3
9/12/2017,42,56
9/14/2017,36.8,57.5
9/13/2017,39,50
9/13/2017,37,56
9/12/2017,34.5,50.65
9/13/2017,44,54
9/14/2017,40,51
9/16/2017,42.8,53.2
9/14/2017,43,55
9/14/2017,37,57
9/14/2017,41,51
9/15/2017,38.4,56.3
9/15/2017,42,51
9/16/2017,39.5,54.9
9/15/2017,36,59
9/17/2017,39.4,54.9
9/17/2017,44,55
9/16/2017,38,57
9/18/2017,43,52
9/17/2017,38,56
9/18/2017,43,55
9/18/2017,38,57
9/17/2017,42,51
9/18/2017,37.5,56.5
9/19/2017,40,49
9/19/2017,39,54.8
9/20/2017,42,57
9/18/2017,38,55
9/19/2017,42,56
9/19/2017,39,55
9/20/2017,38.2,55.9
9/21/2017,45,53
9/19/2017,39,49
9/20/2017,43,55
9/20/2017,40,55
9/20/2017,37,56
9/20/2017,35,59
9/20/2017,45,55
9/21/2017,38.3,56.4
9/21/2017,39,57
9/20/2017,38.21,48.66
9/21/2017,38,56
9/21/2017,43,55
9/22/2017,38.3,56
9/22/2017,37,56
9/23/2017,38.6,55.2
9/21/2017,42,54
9/23/2017,40,54
9/24/2017,37.8,56.3
9/24/2017,44,54
9/25/2017,38.4,55.6
9/24/2017,35,55
9/30/2017,36,48
9/24/2017,39,54
9/25/2017,42,56
9/24/2017,43,52
9/25/2017,42,53
9/26/2017,37.7,56.7
9/25/2017,39,56
9/26/2017,34,65
9/26/2017,36,57
9/26/2017,43,56
9/28/2017,40,57
9/26/2017,42,53
9/26/2017,37,58
9/27/2017,37.5,57.1
9/26/2017,37,53
9/27/2017,38,52
9/27/2017,43,56
9/28/2017,38.1,56.7
9/27/2017,36,59
9/27/2017,37,54
9/29/2017,38.3,56.8
9/28/2017,45,54
9/28/2017,37,56
9/27/2017,34.57,52.77
9/28/2017,37,59
9/29/2017,37,58
9/30/2017,37.9,57.4
9/28/2017,39,55
10/1/2017,37.7,55.9
9/30/2017,38,57
10/1/2017,38.6,57
10/1/2017,42,57
10/1/2017,44,51
10/2/2017,42,57
10/2/2017,39,56.8
10/1/2017,37,57
10/2/2017,32,67
10/2/2017,38,57
10/3/2017,37.3,57.8
10/4/2017,39,60
10/5/2017,37,63
10/3/2017,44,55
10/4/2017,41,57
10/3/2017,39,54
10/4/2017,36.4,58.4
10/3/2017,39,57
10/6/2017,41,55
10/4/2017,39,56
10/4/2017,45,54
10/5/2017,35.6,58.7
10/5/2017,39,57
10/4/2017,36.2,51.62
10/5/2017,46,53
10/8/2017,33,61
10/6/2017,36,58.8
10/7/2017,35.2,59.3
10/6/2017,39,56
10/8/2017,35.4,59.8
10/7/2017,38,57
10/8/2017,44,55
10/9/2017,36,58.8
10/8/2017,37,56
10/9/2017,43,56
10/9/2017,41,52
10/11/2017,41,57
10/10/2017,38,56
10/10/2017,38,58
10/10/2017,36.9,58.6
10/9/2017,36,58
10/11/2017,42,58
10/15/2017,36,52
10/10/2017,37,56
10/10/2017,43,56
10/11/2017,36.2,58.9
10/10/2017,36,52
10/12/2017,35.9,59.3
10/11/2017,44,55
10/12/2017,39,54
10/11/2017,37,57
10/12/2017,39,54
10/11/2017,33.53,51.57
10/12/2017,43,55
10/13/2017,36.7,57.7
10/14/2017,37.5,57.9
10/13/2017,38,56
10/14/2017,47,51
10/15/2017,37.4,57.9
10/15/2017,43,56
10/14/2017,38,56
10/16/2017,37.2,58.5
10/15/2017,37,57
10/16/2017,41,57
10/15/2017,36,59
10/15/2017,44.1,50
10/16/2017,42,51
10/18/2017,33,66
10/17/2017,37.8,58.1
10/18/2017,39,59
10/16/2017,37,58
10/16/2017,37,52
10/18/2017,37.5,58.9
10/17/2017,36,59
10/17/2017,37,55
10/18/2017,42,58
10/17/2017,43,55
10/18/2017,36,59
10/18/2017,41,57
10/19/2017,36.7,59
10/19/2017,40,54
10/18/2017,33.74,53.38
10/19/2017,35,60
10/20/2017,36.7,58.2
10/19/2017,43,55
10/20/2017,34,61
10/21/2017,36.1,58.9
10/20/2017,36,59
10/21/2017,36,58
10/22/2017,41,58
10/22/2017,35.5,59.4
10/23/2017,43,56
10/23/2017,40,53
10/22/2017,36,57
10/23/2017,35,59.9
10/25/2017,36,64
10/24/2017,34.6,60.5
10/25/2017,39,59
10/23/2017,36,58
10/25/2017,44,53
10/25/2017,34.7,60.8
10/24/2017,38,57
10/24/2017,37,53
10/24/2017,42,56
10/24/2017,36,59
10/30/2017,41,54
10/26/2017,35.1,59.7
10/25/2017,43,55
10/25/2017,37,58
10/26/2017,36,58
10/26/2017,38,58
10/27/2017,36.4,58.5
10/26/2017,43,55
10/25/2017,37.02,50.98
10/26/2017,39,58
10/28/2017,37.3,57.8
10/27/2017,36,59
10/28/2017,35,60
10/29/2017,36.4,58.7
10/29/2017,44,54
10/30/2017,36.2,59.2
10/29/2017,38,56
10/30/2017,34,59
10/29/2017,33,62
10/30/2017,44,51
10/30/2017,44,54
10/30/2017,34,62
10/30/2017,39,55
11/1/2017,37,62
11/1/2017,41,58
10/31/2017,36.2,60
10/31/2017,35,61
11/3/2017,36,58
10/31/2017,43,55
11/1/2017,36.2,60.6
10/31/2017,40,52
11/1/2017,38,58
11/1/2017,37,59
11/2/2017,35,61.2
11/1/2017,43,56
11/3/2017,36.4,60.2
11/2/2017,39,57
11/1/2017,36.99,52.43
11/2/2017,43,55
11/2/2017,42,50
11/3/2017,39,56
11/4/2017,35,60.7
11/4/2017,37,57
11/5/2017,35.8,59.4
11/5/2017,44,55
11/6/2017,35.9,59.1
11/5/2017,37,57
11/6/2017,44,50
11/6/2017,43,56
11/5/2017,36,58
11/6/2017,37,60
11/8/2017,37,62
11/6/2017,37,57
11/7/2017,34.8,59.8
11/8/2017,41,57
11/8/2017,35.6,59.2
11/7/2017,42,57
11/7/2017,37,54
11/7/2017,38,55
11/13/2017,36,46
11/8/2017,43,56
11/9/2017,36.3,58.8
11/8/2017,37,57
11/10/2017,34.9,60.8
11/9/2017,37,58
11/9/2017,39,53
11/9/2017,44,55
11/8/2017,38.32,46.91
11/10/2017,38,57
11/11/2017,35.5,60.2
11/12/2017,46,53
11/13/2017,35,58
11/11/2017,42,52
11/11/2017,39,55
11/12/2017,37.5,58
11/11/2017,41,59
11/13/2017,40,56
11/13/2017,36.8,58.2
11/13/2017,44,53
11/12/2017,38,56
11/13/2017,44,54
11/15/2017,41,57
11/13/2017,38,57
11/14/2017,37.4,58.6
11/14/2017,37,57
11/14/2017,41,59
11/14/2017,34,55
11/15/2017,38,57.1
11/14/2017,45,53
11/15/2017,37,57
11/15/2017,41,57
11/15/2017,39,55
11/16/2017,37.8,57.2
11/16/2017,37,56
11/15/2017,35.24,50.85
11/16/2017,42,56
11/17/2017,37.4,57.6
11/17/2017,39,56
11/18/2017,37.7,57.6
11/18/2017,38,57
11/19/2017,37.4,57.2
11/19/2017,41,57
11/19/2017,44,49
11/20/2017,43,56
11/20/2017,38,55
11/19/2017,38,57
11/20/2017,36.6,59
11/20/2017,35,61
11/20/2017,36,57
11/22/2017,41,57
11/22/2017,38,62
11/21/2017,36.5,58.6
11/21/2017,44,54
11/21/2017,38,55
11/21/2017,37,54
11/22/2017,36.4,59
11/22/2017,38,55
11/21/2017,37.57,49.66
11/23/2017,36.6,58.9
11/24/2017,36.1,59.5
11/24/2017,41.2,54.1
11/25/2017,43,52
11/25/2017,38.5,56.4
11/24/2017,38,55
11/26/2017,37.3,57.6
11/26/2017,43,55
11/25/2017,37,57
11/26/2017,37,57
11/27/2017,37.9,57.5
11/27/2017,42,56
11/29/2017,39,60
11/27/2017,37,56
11/28/2017,37.8,57.4
11/29/2017,37.7,57
11/28/2017,39,53
11/28/2017,41,57
11/28/2017,38,55
11/30/2017,37.1,57.4
11/29/2017,42,56
11/29/2017,36,57
11/29/2017,36,62
12/1/2017,37.8,57.3
11/30/2017,41,52
11/30/2017,34,60
11/29/2017,35.32,52.25
11/30/2017,44,55
12/2/2017,37,57.3
12/1/2017,33,62
12/3/2017,37.7,57
12/4/2017,36,59
12/2/2017,34,61
12/3/2017,42,56
12/3/2017,45,51
12/4/2017,43,55
12/3/2017,35,60
12/4/2017,38.3,56.8
12/4/2017,32,63
12/4/2017,35,58
12/4/2017,35,60
12/4/2017,42,51
12/5/2017,36.9,59.2
12/6/2017,39,58
12/6/2017,37.1,59.1
12/8/2017,29,71
12/5/2017,36,57
12/5/2017,36,59
12/5/2017,37,51
12/5/2017,42,56
12/6/2017,44,55
12/5/2017,34.82,50.18
12/7/2017,36.7,59.1
12/6/2017,37,59
12/6/2017,36,61
12/7/2017,38,58
12/7/2017,42,56
12/8/2017,35.9,59.9
12/7/2017,37,56
12/8/2017,37,58
12/9/2017,34.9,60.9
12/10/2017,42,56
12/10/2017,34.7,60.5
12/9/2017,36,59
12/11/2017,41,57
12/11/2017,34.6,60.6
12/11/2017,32,67
12/10/2017,35,60
12/11/2017,37,57
12/11/2017,35,60
12/11/2017,41,59
12/13/2017,40,58
12/12/2017,33.3,61.3
12/11/2017,42,52
12/12/2017,36,59
12/12/2017,32,56
12/13/2017,34.1,61.2
12/12/2017,38,51
12/12/2017,41,57
12/12/2017,41,56
12/13/2017,42,49
12/13/2017,41,57
12/13/2017,36,59
12/14/2017,34.9,61
12/14/2017,35,60
12/13/2017,33.57,51.98
12/14/2017,40,57
12/15/2017,35.3,60.9
12/16/2017,34.6,61.4
12/15/2017,34,61
12/15/2017,41,56
12/17/2017,42,55
12/17/2017,34.8,61.7
12/16/2017,35,60
12/18/2017,40,54
12/18/2017,45,53
12/17/2017,35,59
12/18/2017,35.2,60.3
12/18/2017,43,55
12/18/2017,37,59
12/17/2017,34,60
12/19/2017,34.9,59.8
12/18/2017,36,59
12/20/2017,39,58
12/20/2017,35.4,59.2
12/19/2017,38,52
12/19/2017,35,59
12/19/2017,44,54
12/20/2017,35,59
12/20/2017,43,55
12/21/2017,36.1,58.3
12/20/2017,34,62
12/22/2017,36.5,58
12/21/2017,42,52
12/21/2017,36,58
12/21/2017,44,54
12/20/2017,31.52,54.58
12/23/2017,37.2,57.2
12/22/2017,38,57
12/27/2017,29,71
12/24/2017,37.6,58.1
12/23/2017,39,55
12/25/2017,37,58.8
12/24/2017,41,53
12/26/2017,36.2,58.6
12/27/2017,41,56
12/26/2017,38,56
12/26/2017,38,52
12/26/2017,45,53
12/27/2017,36.5,58.1
12/27/2017,38,56
12/26/2017,36.11,53.61
12/27/2017,46,53
12/28/2017,37.2,57.9
12/28/2017,38,57
12/28/2017,45,53
12/29/2017,38.3,56.5
12/30/2017,39.6,54.7
12/29/2017,38,56
12/31/2017,40.5,54.6
12/30/2017,40,55
1/15/2018,32,55
1/2/2018,39.7,55.5
1/3/2018,43,54
1/2/2018,38,52
1/2/2018,44,54
1/3/2018,40.9,54.1
1/4/2018,41.6,53.9
1/3/2018,45,53
1/5/2018,41.9,53.3
1/4/2018,44,54
1/3/2018,36.99,50.17
1/5/2018,44,54
1/10/2018,46,54
1/6/2018,41.9,53.2
1/5/2018,43,50
1/7/2018,37,58
1/7/2018,42.9,52.7
1/7/2018,42,56
1/8/2018,41.1,54.6
1/10/2018,35,58
1/8/2018,43,56
1/9/2018,40.9,54.8
1/9/2018,36,59
1/9/2018,44,55
1/11/2018,46,53
1/10/2018,40.7,55.4
1/10/2018,45,53
1/11/2018,42,53
1/9/2018,38,51
1/11/2018,39.7,56.2
1/10/2018,37,53
1/11/2018,46,53
1/11/2018,38.6,51.6
1/10/2018,42,53
1/11/2018,43,51
1/10/2018,37.81,50.95
1/12/2018,41.4,54.3
1/13/2018,41,54.3
1/14/2018,38,57
1/17/2018,42,56
1/14/2018,40.6,54.5
1/14/2018,46,52
1/15/2018,45,54
1/15/2018,39.5,55.2
1/15/2018,37,56
1/16/2018,38,57
1/16/2018,43,50
1/15/2018,45.5,50.9
1/15/2018,41,53
1/16/2018,38.8,56
1/17/2018,39,57
1/17/2018,37.1,57.8
1/16/2018,42,52
1/16/2018,37,58
1/16/2018,42,58
1/16/2018,45,54
1/17/2018,45,54
1/18/2018,40,55
1/16/2018,36,59
1/18/2018,37.1,59.1
1/18/2018,45,54
1/19/2018,35.7,60.1
1/18/2018,36,58
1/24/2018,45,54
1/21/2018,36,59
1/19/2018,44,56
1/20/2018,36.1,59.3
1/21/2018,36.8,58.6
1/21/2018,42,56
1/20/2018,43,53
1/20/2018,35,60
1/19/2018,45,51
1/21/2018,38,58
1/22/2018,43,57
1/22/2018,36.7,58.8
1/22/2018,41,58
1/23/2018,37,58.5
1/24/2018,40,58
1/21/2018,42,53
1/21/2018,40,56
1/23/2018,36,58
1/24/2018,36.8,58.8
1/23/2018,44,55
1/23/2018,39,52
1/23/2018,45,53
1/25/2018,37.2,59.2
1/24/2018,45,54
1/26/2018,36.9,59.3
1/25/2018,44,55
1/27/2018,38.2,57.2
1/28/2018,38,58
1/26/2018,42,51
1/28/2018,43,56
1/28/2018,38.1,56.9
1/29/2018,43,56
1/29/2018,40.2,54.5
1/31/2018,44,55
1/30/2018,41.5,52.7
1/30/2018,39,51
1/30/2018,44,54
2/2/2018,35,58
1/30/2018,42,50
1/31/2018,41,53.6
1/31/2018,45,53
2/1/2018,41.8,52.9
2/2/2018,41.7,52.7
2/1/2018,49,49
2/1/2018,47,49
2/1/2018,45,53
2/7/2018,41,59
2/3/2018,39.8,54.2
2/4/2018,40,57
2/4/2018,49,49
2/4/2018,39.6,55.2
2/2/2018,44,54
2/5/2018,40.2,54.4
2/5/2018,49,50
2/4/2018,45,50
2/7/2018,44,54
2/6/2018,40.2,54.2
2/5/2018,40,55
2/6/2018,48,51
2/7/2018,44,53
2/7/2018,40.7,54.1
2/6/2018,40,52
2/7/2018,38,54
2/13/2018,38,60
2/7/2018,48,50
2/8/2018,41.6,53.7
2/8/2018,49,50
2/9/2018,41.4,53.9
2/9/2018,46,52
2/11/2018,40,57
2/10/2018,40.6,54.5
2/11/2018,44,53
2/22/2018,40,57
2/15/2018,37,48
2/11/2018,48,50
2/10/2018,43,50
2/11/2018,40.5,54.5
2/12/2018,48,50
2/12/2018,39,55.5
2/11/2018,44,50
2/12/2018,47,47
2/14/2018,43,55
2/13/2018,39.5,54.5
2/14/2018,39.6,54.2
2/13/2018,43,53
2/13/2018,47,52
2/13/2018,41,51
2/14/2018,48,51
2/15/2018,39.7,54.2
2/15/2018,47,52
2/16/2018,40.2,53.7
2/18/2018,37,59
2/17/2018,40.2,53.5
2/21/2018,43,57
2/18/2018,38.6,55.3
2/18/2018,47,52
2/16/2018,43,53
2/19/2018,38.7,54.9
2/19/2018,44,51
2/19/2018,35,64
2/19/2018,46,53
2/20/2018,39.7,54.8
2/20/2018,44,53
2/20/2018,39,56
2/19/2018,45,55
2/19/2018,37,58
2/21/2018,42,56
2/20/2018,41,48
2/21/2018,39.9,54.4
2/20/2018,36,60
2/20/2018,48,51
2/22/2018,39.9,54.3
2/22/2018,43,52
2/21/2018,48,51
2/20/2018,43,54
2/23/2018,40.7,54.1
2/24/2018,40.7,56.3
2/21/2018,38,54
2/22/2018,50,49
2/24/2018,37.5,59.6
2/25/2018,39,56
2/23/2018,41,56
2/23/2018,35,58
2/24/2018,41.4,53.9
2/25/2018,40.7,54.5
2/25/2018,49,49
2/25/2018,43,51
2/26/2018,50,48
2/26/2018,40.1,55.3
2/26/2018,45,49
2/28/2018,43,55
2/27/2018,40,55.9
2/28/2018,38.6,57
2/27/2018,49,50
2/27/2018,40,51
3/1/2018,37,58
2/28/2018,49,50
2/28/2018,44,55
3/1/2018,38.2,57
3/2/2018,39.6,55.5
3/1/2018,49,50
2/28/2018,48,49.5
3/7/2018,50,50
3/3/2018,40.3,54.2
3/4/2018,39,55
3/4/2018,48,52
3/4/2018,40.8,53.3
3/5/2018,40,53.8
3/5/2018,48,52
3/5/2018,42,52
3/6/2018,40.2,53.6
3/5/2018,38,56
3/7/2018,42,56
3/5/2018,39,54
3/6/2018,40,50
3/6/2018,46,53
3/7/2018,40.3,53.6
3/8/2018,40.8,53.5
3/8/2018,42,55
3/7/2018,45,54
3/6/2018,42,50
3/9/2018,39.8,54.2
3/8/2018,44,54
3/8/2018,43,55
3/11/2018,39,56
3/10/2018,40.1,54.1
3/11/2018,44,54
3/10/2018,40,51
3/11/2018,45,53
3/11/2018,38.8,55.2
3/12/2018,48,51
3/11/2018,38,57
3/12/2018,40.9,54
3/11/2018,43,49
3/12/2018,44,52
3/14/2018,39,54
3/13/2018,38.8,56
3/14/2018,44,54
3/13/2018,41,56
3/13/2018,39,52
3/14/2018,38.6,56.4
3/14/2018,43,53
3/13/2018,47,52
3/15/2018,38,56.9
3/20/2018,38,44
3/14/2018,46,53
3/15/2018,47,52
3/16/2018,38.9,56.5
3/21/2018,42,58
3/17/2018,38.2,56.7
3/18/2018,40,56
3/18/2018,47,52
3/17/2018,44,50
3/18/2018,39,56.1
3/19/2018,43,51
3/19/2018,46,53
3/19/2018,39.7,55
3/19/2018,42,58
3/19/2018,47,52
3/21/2018,43,54
3/20/2018,40.6,54.3
3/20/2018,40,53
3/18/2018,42,53
3/20/2018,46,52
3/20/2018,39,50
3/21/2018,39.8,55.4
3/20/2018,37,52
3/20/2018,39,56
3/21/2018,45,52
3/22/2018,38.5,57
3/21/2018,40,51
3/21/2018,47,52
3/22/2018,46,52
3/23/2018,38.2,57.2
3/25/2018,39,55
3/24/2018,38.3,57.4
3/23/2018,45,54
3/25/2018,46,52
3/25/2018,38.1,57.4
3/25/2018,42,54
3/26/2018,46,53
3/26/2018,38.3,57.1
3/25/2018,39,54
3/28/2018,44,55
3/27/2018,40.3,55
3/28/2018,40.4,55.6
3/27/2018,39,49
3/29/2018,38,56
3/27/2018,45,53
3/28/2018,45,53
3/27/2018,42,53
3/29/2018,41.3,54.6
3/29/2018,44,56
3/30/2018,41.1,54.9
3/31/2018,39,55
3/29/2018,47,52
4/2/2018,43,53
4/4/2018,38,62
3/31/2018,39.9,56.1
4/1/2018,50,49
4/1/2018,39.1,56.4
4/1/2018,41,53
4/2/2018,49,50
4/2/2018,38.9,55.8
4/3/2018,38.8,55.1
4/4/2018,43,55
4/4/2018,37,57.2
4/3/2018,38,52
4/3/2018,51,48
4/4/2018,47,51
4/5/2018,37.3,56.9
4/6/2018,38.1,56.6
4/17/2018,37,61
4/5/2018,38,59
4/5/2018,47,52
4/8/2018,41,54
4/8/2018,43,55
4/7/2018,38.3,56.5
4/8/2018,48,52
4/8/2018,36.4,58.7
4/7/2018,42,52
4/9/2018,48,51
4/9/2018,37.3,57.4
4/9/2018,41,52
4/11/2018,44,54
4/10/2018,38.1,56.5
4/11/2018,39.9,55.1
4/10/2018,40,49
4/16/2018,33,49
4/10/2018,49,50
4/12/2018,39.9,55.8
4/11/2018,39,57
4/11/2018,50,49
4/10/2018,40,54
4/11/2018,40,56
4/13/2018,40.7,56
4/13/2018,45,53
4/12/2018,50,49
4/14/2018,41,55.7
4/18/2018,43,56
4/13/2018,38,54
4/15/2018,39,55
4/15/2018,40.8,56
4/15/2018,51,48
4/16/2018,40,59
4/16/2018,49,50
4/16/2018,38.9,57.3
4/18/2018,44,54
4/16/2018,41,55
4/17/2018,40,55
4/17/2018,38.7,57.4
4/17/2018,38,53
4/17/2018,50,49
4/18/2018,37.8,57.5
4/19/2018,39,56.6
4/18/2018,48,51
4/20/2018,38.1,56.7
4/19/2018,49,50
4/19/2018,44,53
4/22/2018,38,57
4/20/2018,38,56
4/19/2018,41,53
4/21/2018,39.1,55.5
4/22/2018,46,52
4/22/2018,48,50
4/22/2018,38.1,56.4
4/23/2018,48,50
4/23/2018,39.6,55.3
4/23/2018,42,55
4/25/2018,45,53
4/24/2018,39,54
4/24/2018,37.9,56.8
4/24/2018,44,56
4/24/2018,38,49
4/24/2018,48,50
4/25/2018,39.1,56.2
4/24/2018,44,53
4/26/2018,38.5,56.6
4/25/2018,47,52
4/30/2018,40,55
4/26/2018,47,52
4/27/2018,39.8,55.5
4/29/2018,42,53
4/27/2018,40,51
4/28/2018,41.1,54.2
5/2/2018,42,56
4/28/2018,40,49
4/29/2018,42.1,53.5
4/29/2018,47,52
4/30/2018,48,50
4/30/2018,42.5,53.4
4/30/2018,41,50
5/1/2018,39,54
4/29/2018,38,52
4/30/2018,40,51
5/2/2018,45,53
5/1/2018,42,53
5/1/2018,47.9,49.3
5/2/2018,41,53
4/30/2018,38,51
5/4/2018,38,56
5/1/2018,40,50
5/1/2018,49,49
5/2/2018,48.1,49.1
5/2/2018,40,53
5/2/2018,50,49
5/3/2018,47.8,49.6
5/3/2018,51,49
5/2/2018,41,49
5/4/2018,46.6,50.6
5/4/2018,45,53
5/5/2018,46.1,51
5/3/2018,42,48
5/6/2018,42,52
5/6/2018,43.9,53.7
5/4/2018,40,50
5/6/2018,49,49
5/5/2018,41,53
5/5/2018,42,53
5/6/2018,40,55
5/6/2018,41,50
5/7/2018,44.1,53.9
5/7/2018,47,51
5/17/2018,36,56
5/9/2018,44,54
5/8/2018,43.8,54.1
5/8/2018,41,52
5/9/2018,43.6,54.3
5/8/2018,47,51
5/7/2018,38,52
5/8/2018,42,45
5/9/2018,48,50
5/10/2018,43.5,53.9
5/8/2018,39,51
5/16/2018,38,45
5/11/2018,43.3,53.8
5/10/2018,49,49
5/10/2018,40,50
5/12/2018,43.1,54.1
5/13/2018,44,54
5/10/2018,40,50
5/16/2018,46,53
5/13/2018,43,52
5/13/2018,43.5,53.8
5/13/2018,47,52
5/12/2018,42,50
5/12/2018,46,51
5/14/2018,44.5,53.2
5/14/2018,47,52
5/12/2018,38,48
5/14/2018,42,51
5/15/2018,44.7,53.9
5/16/2018,45,52
5/14/2018,40,52
5/15/2018,48,50
5/16/2018,41,55
5/15/2018,39,50
5/16/2018,44.7,53.7
5/15/2018,40,51
5/16/2018,49,50
5/17/2018,43.7,54
5/17/2018,50,49
5/16/2018,39,53
5/18/2018,44.3,53.4
5/18/2018,41,50
5/19/2018,43.5,54
5/20/2018,42,54
5/21/2018,45,53
5/20/2018,42.7,54.4
5/20/2018,47,51
5/19/2018,44,52
5/21/2018,43.5,54
5/20/2018,37,58
5/21/2018,50,49
5/21/2018,49,49
5/20/2018,40,51
5/22/2018,43,53
5/21/2018,38,53
5/21/2018,40,52
5/22/2018,45.6,52
5/21/2018,41,53
5/23/2018,45,53
5/22/2018,38,50
5/22/2018,48,51
5/23/2018,46.4,51.3
5/30/2018,44,53
5/23/2018,49,50
5/22/2018,45,55
5/24/2018,44.8,53
5/22/2018,37.5,54
5/25/2018,44,52.5
5/24/2018,49,50
5/23/2018,41,49
5/24/2018,45,52
5/30/2018,39,61
5/27/2018,40,55
5/26/2018,42.4,54.1
5/26/2018,45,53
5/27/2018,40.5,55
5/27/2018,49,50
5/27/2018,41,50
5/28/2018,39,53
5/29/2018,44,50
5/28/2018,48,51
5/28/2018,38.6,56.2
5/29/2018,44,50
5/29/2018,39,55.5
5/30/2018,45,52
5/28/2018,41,52
5/28/2018,39,51
5/29/2018,47,52
5/29/2018,42,50
5/31/2018,46.1,51.6
5/30/2018,39.3,55.2
5/29/2018,39,49
5/31/2018,42,51
5/31/2018,40.5,53.7
5/30/2018,40,50
5/30/2018,47,52
5/31/2018,48,50
5/30/2018,39,51
6/1/2018,40.8,54.1
6/2/2018,41.1,54
5/31/2018,40,52
6/3/2018,41,55
6/3/2018,40.1,54.5
6/1/2018,43,50
6/3/2018,48,50
6/5/2018,36,55
6/4/2018,41,53
6/3/2018,40,52
6/4/2018,48,50
6/4/2018,38.9,55.2
6/4/2018,44,53
6/5/2018,45,55
6/5/2018,37.7,56.2
6/6/2018,45,53
6/5/2018,40,51
6/3/2018,41,50
6/5/2018,49,49
6/6/2018,38.8,55.9
6/4/2018,38,53
6/5/2018,39,53
6/7/2018,38.4,55.8
6/6/2018,44,52
6/6/2018,49,49
6/6/2018,45,51
6/6/2018,41,51
6/8/2018,39.5,55.2
6/7/2018,47,51
6/7/2018,40,52
6/10/2018,44,53
6/9/2018,40.3,54.9
6/10/2018,42,54
6/10/2018,47,52
6/10/2018,40.3,54.5
6/8/2018,40,53
6/15/2018,42,43
6/11/2018,39.7,54
6/11/2018,49,50
6/10/2018,39,50
6/10/2018,45,52
6/10/2018,39,54
6/12/2018,40,54
6/12/2018,41.4,53.9
6/10/2018,42,49
6/13/2018,45,52
6/10/2018,40,54
6/12/2018,42,48
6/13/2018,42.3,53.3
6/12/2018,49,49
6/13/2018,43,48
6/13/2018,39,54
6/14/2018,42.9,52.9
6/13/2018,49,49
6/14/2018,44,51
6/14/2018,44,46
6/14/2018,47,51
6/13/2018,43,46
6/15/2018,43.2,52.9
6/14/2018,36,56
6/17/2018,45,50
6/14/2018,43,51
6/16/2018,44.1,51.9
6/17/2018,43.1,52.6
6/17/2018,41,54
6/17/2018,48,50
6/15/2018,40,51
6/18/2018,41,57
6/17/2018,42,52
6/17/2018,43,52
6/18/2018,48,50
6/18/2018,43.1,50.8
6/20/2018,42,54
6/18/2018,43,50
6/18/2018,42.5,52.5
6/17/2018,39,54
6/19/2018,42.6,52.6
6/17/2018,44,47
6/20/2018,44,54
6/18/2018,40,52
6/19/2018,43,54
6/19/2018,49,48
6/19/2018,41,47
6/19/2018,41,48
6/19/2018,48,50
6/20/2018,41.7,53.6
6/18/2018,40,53
6/21/2018,40.3,55.6
6/20/2018,40,54
6/19/2018,39,53
6/20/2018,46,52
6/21/2018,46,52
6/21/2018,44,51
6/22/2018,41.5,54.5
6/20/2018,44,48
6/23/2018,40.8,55
6/21/2018,38,51
6/24/2018,41,55
6/24/2018,46,52
6/22/2018,43,50
6/24/2018,40,54.4
6/24/2018,41,52.5
6/25/2018,46,52
6/24/2018,39,50
6/25/2018,41.3,53
6/27/2018,44,54
6/26/2018,41.5,51.6
6/24/2018,45,49
6/26/2018,45,54
6/25/2018,47,53
6/29/2018,41,54
6/27/2018,41.2,52.7
6/25/2018,38,56
6/26/2018,38,52
6/28/2018,40,54.3
6/27/2018,46,53
6/26/2018,37,52
6/27/2018,43,48
6/29/2018,40.3,54.4
6/28/2018,47,52
6/28/2018,41,49
7/1/2018,42,53
6/30/2018,39.9,55
6/29/2018,43,54
7/1/2018,40,55
6/30/2018,42,49
7/1/2018,48,51
7/1/2018,40.1,55.1
7/1/2018,48,50
7/2/2018,40.8,54
6/30/2018,39,51
7/2/2018,48,51
7/2/2018,43,55
7/4/2018,46,52
7/2/2018,42,50
7/3/2018,42.4,52.9
7/3/2018,43,50
7/4/2018,42.3,53.7
7/3/2018,41,49
7/2/2018,40,54
7/5/2018,42.1,53.7
7/3/2018,39,52
7/5/2018,43,49
7/5/2018,47,52
7/6/2018,44,50
7/6/2018,42.6,53.4
7/8/2018,45,53
7/8/2018,41,56
7/20/2018,45,53
7/7/2018,40.5,55.8
7/8/2018,47,52
7/8/2018,38.9,57.4
7/6/2018,40,53
7/9/2018,38.7,57.4
7/8/2018,43,56
7/9/2018,47,51
7/7/2018,43.2,50.3
7/10/2018,38.7,57.1
7/9/2018,41,50
7/9/2018,40,56
7/10/2018,46,50
7/11/2018,45,53
7/15/2018,41,45
7/10/2018,47,51
7/10/2018,39,49
7/9/2018,41,47
7/11/2018,38,57.4
7/12/2018,38.2,56.7
7/11/2018,46,51
7/11/2018,46,52
7/10/2018,40,49
7/11/2018,40,51
7/13/2018,39.7,55
7/12/2018,46,53
7/15/2018,43,52
7/12/2018,38,53
7/14/2018,39,55
7/15/2018,46,53
7/15/2018,45,54
7/15/2018,38.8,55.1
7/13/2018,43,51
7/14/2018,40,51
7/16/2018,39.5,54.3
7/16/2018,46,53
7/14/2018,43,51
7/15/2018,42,50
7/17/2018,40.2,54
7/18/2018,44,54
7/17/2018,44,54
7/18/2018,40.7,53.6
7/16/2018,43,49
7/17/2018,39,50
7/17/2018,41.5,53.5
7/17/2018,39,54
7/18/2018,42,49
7/17/2018,43,51
7/17/2018,45,52
7/18/2018,45,52
7/19/2018,41.1,53.1
7/18/2018,45,54
7/19/2018,38,52
7/19/2018,44,55
7/20/2018,40.8,53.1
7/19/2018,42,50
7/21/2018,41.3,53
7/20/2018,37,57
7/22/2018,42,54
7/19/2018,43,52
7/22/2018,46,53
7/22/2018,41.6,52.2
7/22/2018,40,55
7/20/2018,45,53
7/20/2018,39,54
7/21/2018,42,50
7/22/2018,39,51
7/23/2018,46,53
7/23/2018,38,58
7/23/2018,40.4,53.1
7/23/2018,42.5,51
7/24/2018,41.9,52.7
7/22/2018,48,52
7/22/2018,40,50
7/25/2018,43,55
7/24/2018,46,52
7/25/2018,41.9,53.3
7/26/2018,40,56
7/24/2018,41,50
7/23/2018,40,51
7/25/2018,46,53
7/26/2018,42.1,53.2
7/24/2018,39,50
7/27/2018,42.7,52.5
7/25/2018,45,55
7/26/2018,46,52
7/25/2018,40,50
7/29/2018,40,55
7/26/2018,44,50
7/28/2018,42.1,52.8
7/27/2018,43,55
7/27/2018,41,50
7/29/2018,47,51
7/29/2018,42.5,52.5
7/30/2018,48,50
7/28/2018,38,52
7/30/2018,41.6,53.6
7/30/2018,41.5,52
8/1/2018,44,54
7/31/2018,40.2,55.1
7/29/2018,41,48
8/2/2018,41,53
8/1/2018,40.3,54.8
7/31/2018,39,51
7/30/2018,42,51
7/31/2018,48,50
8/1/2018,50,49
8/2/2018,40,55.5
8/3/2018,40.3,54.4
8/2/2018,48,50
8/9/2018,45,53
8/1/2018,40,52
8/5/2018,41,54
8/4/2018,41.7,52.6
8/2/2018,39,51
8/3/2018,44,55
8/5/2018,47,51
8/5/2018,42.7,51.8
8/3/2018,40,50
8/6/2018,43,52
8/5/2018,39,57
8/5/2018,39,51
8/4/2018,51,49
8/6/2018,47,51
8/6/2018,42.3,52.4
8/5/2018,37,53
8/8/2018,44,54
8/7/2018,43.1,51.4
8/7/2018,47,51
8/12/2018,40,59
8/6/2018,40,51
8/7/2018,40,49
8/8/2018,42.9,52.4
8/8/2018,47,51
8/8/2018,46,51
8/7/2018,47,53
8/9/2018,41.9,53.5
8/9/2018,46,52
8/8/2018,40,53
8/10/2018,40.4,54.5
8/15/2018,35,46
8/9/2018,42,48
8/12/2018,44,53
8/12/2018,39,56
8/10/2018,45,53
8/9/2018,40,53
8/11/2018,38,52
8/12/2018,48,50
8/12/2018,41,52
8/13/2018,50,49
8/13/2018,41,54
8/12/2018,42,53
8/14/2018,41.4,53.2
8/12/2018,41,49
8/13/2018,41,52
8/15/2018,42.1,52.6
8/15/2018,45,52
8/14/2018,40,54
8/14/2018,42,49
8/16/2018,42.7,52.2
8/16/2018,47.8,49.5
8/14/2018,49,49
8/17/2018,42,53
8/15/2018,49,50
8/15/2018,42,50
8/18/2018,42.5,52.8
8/16/2018,41,51
8/16/2018,48,51
8/19/2018,42.6,52.6
8/16/2018,37,53
8/19/2018,42,52
8/17/2018,43,55
8/20/2018,42.9,52.5
8/19/2018,48,52
8/18/2018,42,55
8/19/2018,43,50
8/17/2018,41,51
8/21/2018,42.1,54.1
8/20/2018,38,60
8/20/2018,46,53
8/19/2018,41,50
8/19/2018,38,53
8/22/2018,44,54
8/22/2018,40.4,54.3
8/20/2018,36,59
8/21/2018,45,53
8/22/2018,46,51
8/20/2018,43,51
8/23/2018,39.1,55.5
8/21/2018,46,52
8/21/2018,41,49
8/21/2018,42,50
8/24/2018,38.6,55.9
8/21/2018,48,52
8/22/2018,46,52
8/22/2018,38,53
8/23/2018,46,53
8/24/2018,47,53
8/25/2018,38.7,55.6
8/23/2018,39,51
8/23/2018,46,54
8/26/2018,41,54
8/26/2018,38.3,55.9
8/24/2018,44,53
8/24/2018,41,50
8/25/2018,44,52
8/27/2018,38.1,55.9
8/24/2018,41,55
8/26/2018,46,54
8/25/2018,41,51
8/26/2018,43,51
8/27/2018,46,53
8/27/2018,48,50
8/28/2018,37.4,56.4
8/27/2018,41,52
8/29/2018,44,55
8/28/2018,37,59
8/29/2018,38.5,56.2
8/28/2018,39.8,55.8
8/27/2018,43,51
8/28/2018,41,48
8/28/2018,47,53
8/30/2018,36,56
8/30/2018,39.7,54.4
8/29/2018,36,60
8/31/2018,40,54.2
8/29/2018,39,51
8/29/2018,48,51
8/29/2018,48,52
8/29/2018,41,52
8/28/2018,41,56
8/30/2018,44,54
9/1/2018,39.5,55
8/30/2018,43,50
8/30/2018,48,50
8/31/2018,46,54
9/2/2018,41,53
8/31/2018,37.7,53.3
8/31/2018,46,51
8/30/2018,38,54
9/2/2018,39.5,54.9
8/31/2018,41,53
9/2/2018,47,51
9/2/2018,39,50
9/3/2018,39.6,54.9
8/31/2018,39,50
9/3/2018,45,53
9/1/2018,40,52
9/1/2018,47,53
9/3/2018,42,55
9/2/2018,42,52
9/4/2018,39.7,54.3
9/2/2018,39,53
9/5/2018,38.9,54.9
9/5/2018,43,54
9/4/2018,44,54
9/6/2018,39.3,54.9
9/3/2018,41,51
9/4/2018,38,53
9/5/2018,46,53
9/7/2018,39.9,54
9/4/2018,40,51
9/6/2018,48,52
9/5/2018,41,52
9/8/2018,40.4,53.3
9/9/2018,44,54
9/7/2018,48,52
9/9/2018,40,54
9/9/2018,40.3,53.6
9/7/2018,42,55
9/6/2018,42,49
9/10/2018,40.2,53.5
9/7/2018,40,53
9/9/2018,48,51
9/9/2018,39,59
9/9/2018,39,52
9/7/2018,37,55
9/9/2018,41,56
9/10/2018,47,51
9/9/2018,36,58
9/11/2018,40,54.1
9/9/2018,38,54
9/9/2018,39,51
9/24/2018,39,57
9/9/2018,39,53
9/12/2018,40.7,54.2
9/12/2018,43,55
9/11/2018,42,48
9/10/2018,37,55
9/11/2018,45,53
9/13/2018,40,54.9
9/14/2018,40.7,54.8
9/11/2018,38,54
9/12/2018,46,52
9/13/2018,47,51
9/14/2018,47,53
9/12/2018,39,51
9/15/2018,40.5,55
9/16/2018,42,53.7
9/13/2018,38,52
9/16/2018,38,56
9/13/2018,43,56
9/17/2018,41.9,54.2
9/14/2018,39,53
9/16/2018,49,50
9/17/2018,48,51
9/18/2018,42.3,53.7
9/15/2018,39,51
9/16/2018,42,53
9/19/2018,44,54
9/16/2018,41,51
9/19/2018,42.5,53.4
9/23/2018,41,55
9/20/2018,42.9,52.9
9/18/2018,47,52
9/18/2018,41,50
9/17/2018,42,51
9/19/2018,44,52
9/19/2018,44,52
9/21/2018,42.8,52.1
9/18/2018,46,54
9/19/2018,43,52
9/19/2018,48,50
9/18/2018,42,50
9/20/2018,37,59
9/19/2018,41,51
9/21/2018,47,53
9/22/2018,42.5,52.5
9/20/2018,49,50
9/21/2018,41,53
9/23/2018,41.6,52.8
9/23/2018,40,56
9/24/2018,46,52
9/23/2018,49,50
9/24/2018,42.1,52.2
9/24/2018,38,55
9/21/2018,41,49
9/22/2018,39,52
9/25/2018,41.1,53
9/24/2018,47,50
9/23/2018,39,54
9/24/2018,40,54
9/26/2018,41.6,51.9
9/23/2018,37,53
9/24/2018,42,49
9/26/2018,44,54
10/1/2018,41,58
9/25/2018,47,51
9/27/2018,42,51.6
9/25/2018,40,50
9/24/2018,40,53
9/25/2018,41,51
9/28/2018,41.7,52.3
9/26/2018,47,52
10/2/2018,40,54
9/26/2018,44,50
9/29/2018,40.9,53.4
9/28/2018,47,53
9/27/2018,47,51
9/30/2018,40.7,53.5
9/30/2018,42,53
9/27/2018,42,50
9/27/2018,46,54
9/28/2018,39,49
9/30/2018,48,50
10/1/2018,40.3,53.8
10/1/2018,43,51
10/1/2018,48,50
9/30/2018,41,53
10/2/2018,39.9,54.2
9/30/2018,46,52
9/29/2018,42,51
9/29/2018,43,53
9/30/2018,44,52
10/3/2018,38.3,54.9
9/30/2018,45,55
9/30/2018,38,54
10/3/2018,40,54
10/3/2018,47,51
10/4/2018,38.1,55.2
10/1/2018,41,53
10/1/2018,39,52
10/7/2018,38,61
10/2/2018,37,52
10/2/2018,49,50
10/2/2018,41,52
10/3/2018,50,49
10/5/2018,49,51
10/2/2018,45,55
10/5/2018,37.7,55.3
10/3/2018,42,49
10/6/2018,37.8,55.1
10/4/2018,51,48
10/4/2018,42.7,50.1
10/4/2018,40,50
10/4/2018,47,51
10/7/2018,48,50
10/7/2018,43,53
10/7/2018,38.4,55.2
10/6/2018,41,52
10/7/2018,51,47
10/8/2018,38.8,54.6
10/8/2018,43,52
10/8/2018,51,47
10/7/2018,41,49
10/9/2018,38.5,54.9
10/6/2018,40,53
10/7/2018,41,52
10/10/2018,47,51
10/7/2018,42,53
10/10/2018,40.7,54.1
10/7/2018,41,56
10/8/2018,38,54
10/9/2018,40,50
10/11/2018,40.7,53.7
10/9/2018,49,49
10/10/2018,49,50
10/12/2018,42,52.7
10/10/2018,41,52
10/11/2018,41,54
10/13/2018,42.5,51.7
10/12/2018,46,54
10/11/2018,41,51
10/11/2018,49,50
10/14/2018,44,51
10/14/2018,42.9,51
10/11/2018,41,50
10/15/2018,42.6,51.3
10/14/2018,51,49
10/14/2018,40,59
10/13/2018,40,51
10/15/2018,44,51
10/14/2018,44,50
10/14/2018,41,54
10/14/2018,43,52
10/16/2018,42.1,51.9
10/15/2018,51,48
10/17/2018,42.2,49.5
10/17/2018,45,52
10/15/2018,39,54
10/17/2018,43.7,50.6
10/15/2018,40,51
10/16/2018,41,48
10/16/2018,47,51
10/16/2018,49,50
10/19/2018,36,56
10/18/2018,42.1,52.4
10/17/2018,47,52
10/17/2018,47,49
10/17/2018,47,52
10/19/2018,39.7,53.5
10/17/2018,39,53
10/16/2018,41,51
10/18/2018,47,52
10/19/2018,47,53
10/17/2018,46,54
10/20/2018,40.4,53.2
10/17/2018,43,51
10/19/2018,47,51
10/19/2018,39,51
10/21/2018,44,50
10/21/2018,41.1,52.2
10/22/2018,41.3,52.4
10/20/2018,40,54
10/21/2018,47,52
10/20/2018,42,55
10/19/2018,45,51
10/19/2018,44,51
10/23/2018,41,52.4
10/22/2018,43,54.4
10/22/2018,48,51
10/22/2018,48,50
10/21/2018,42,49
10/25/2018,43,53
10/21/2018,41,52
10/24/2018,40.7,52.9
10/24/2018,46,52
10/23/2018,46,52
10/24/2018,47,52
10/23/2018,42,50
10/22/2018,41,51
10/23/2018,39,53
10/25/2018,41.1,52.5
10/26/2018,42.9,51.8
10/23/2018,41,50
10/24/2018,47,51
10/25/2018,48,51
10/27/2018,41,57
10/26/2018,47,53
10/24/2018,41,53
10/27/2018,43.2,51.3
10/25/2018,41,51
10/28/2018,40,54
10/28/2018,42.6,52.2
10/26/2018,43,55
10/26/2018,42,52
10/26/2018,41,52
10/29/2018,41.1,53.3
10/28/2018,50,49
10/28/2018,41,51
10/29/2018,48,51
10/28/2018,44,56
10/30/2018,40.9,53.2
10/31/2018,44,54
10/29/2018,40,53
10/31/2018,42.2,52.2
10/30/2018,43,54
10/29/2018,41,51
10/30/2018,40,52
10/30/2018,49,50
11/1/2018,42.7,51.8
10/29/2018,39,57
11/3/2018,40,53
10/31/2018,42,53
11/2/2018,42,51.8
10/31/2018,49,50
11/1/2018,46,52
11/1/2018,51,47
10/31/2018,43,49
10/31/2018,45,55
11/2/2018,46,54
11/1/2018,40,53
11/3/2018,42.2,52
11/2/2018,45,51
11/1/2018,41,49
11/4/2018,40,54
11/4/2018,41.9,52.4
11/2/2018,45,54
11/3/2018,46,52
11/3/2018,43,51
11/3/2018,39,55
11/4/2018,50,49
11/5/2018,43.2,51.1
11/3/2018,41,51
11/6/2018,43,51.1
11/5/2018,48,50
11/4/2018,46,51
11/7/2018,42.3,51.4
11/5/2018,41,53
11/4/2018,41,52
11/7/2018,45,53
11/6/2018,45,55
11/6/2018,40,49
11/8/2018,42,52
11/6/2018,48,50
11/6/2018,42,49
11/6/2018,48,49
11/7/2018,44,51
11/7/2018,48,50
11/7/2018,45,55
11/9/2018,43,52
11/8/2018,40,54
11/8/2018,48,50
11/7/2018,47,50
11/8/2018,47,53
11/10/2018,41.8,53.1
11/7/2018,44,52
11/8/2018,44,50
11/8/2018,43,51
11/9/2018,45,50
11/11/2018,38,56
11/8/2018,46,52
11/9/2018,49,51
11/11/2018,42.1,53.5
11/11/2018,46,52
11/11/2018,46,52
11/12/2018,41.3,54.3
11/11/2018,43,51
11/10/2018,42,52
11/13/2018,41.5,54.3
11/11/2018,43.5,50.5
11/12/2018,46,52
11/12/2018,49,51
11/12/2018,42,55
11/13/2018,41,58
11/12/2018,42,56
11/14/2018,43,53
11/12/2018,43,49
11/13/2018,48,52
11/15/2018,44,53
11/11/2018,40,53
11/13/2018,43,55
11/13/2018,46,52
11/13/2018,41,51
11/12/2018,43,51
11/13/2018,41,51
11/15/2018,42.9,52.4
11/16/2018,43.3,51.6
11/13/2018,41,54
11/14/2018,48,50
11/14/2018,47,53
11/14/2018,47,53
11/17/2018,44,51
11/15/2018,49,50
11/14/2018,41,52
11/15/2018,43.5,54.5
11/16/2018,47,53
11/15/2018,48,52
11/18/2018,43,53
11/16/2018,41,52
11/18/2018,43.7,50.9
11/16/2018,48,52
11/18/2018,50,49
11/19/2018,44.1,50.8
11/19/2018,37,58
11/19/2018,41,54
11/18/2018,45,51
11/19/2018,50,49
11/18/2018,43,51
11/19/2018,48,52
11/20/2018,43.5,51.3
11/18/2018,39,55
11/20/2018,46,54
11/21/2018,43.7,51
11/30/2018,43,52
11/22/2018,44.5,50.4
11/19/2018,44,51
11/20/2018,40,49
11/20/2018,51,48
11/20/2018,42,55
11/21/2018,46,54
11/23/2018,43.7,50.8
11/22/2018,47,53
11/23/2018,47,53
11/24/2018,43.8,51.6
11/23/2018,48,52
11/25/2018,44.7,50.7
11/25/2018,38,60
11/26/2018,45.3,49.6
11/27/2018,43.8,50.8
11/26/2018,49,49
11/26/2018,47,53
11/28/2018,43.3,51
11/27/2018,47,53
11/27/2018,40,52
11/27/2018,48,50
11/27/2018,43,45
11/29/2018,43.3,51.1
11/27/2018,40,54
11/28/2018,47,51
11/28/2018,48,52
11/28/2018,43,48
11/30/2018,42.8,51.8
11/27/2018,48,52
11/29/2018,39,55
11/29/2018,45,54
11/30/2018,48,52
11/29/2018,47,51
11/28/2018,46,54
12/1/2018,41.9,52
11/29/2018,49,51
12/2/2018,39,55
12/2/2018,41.9,52
12/2/2018,40,56
11/30/2018,49,51
11/30/2018,43.5,50.5
12/2/2018,48,50
12/3/2018,41.4,52.6
12/2/2018,42,52
12/4/2018,42.1,51.9
12/2/2018,40,53
12/3/2018,48,51
12/4/2018,42,49
12/3/2018,49,51
12/5/2018,42.1,51.6
12/2/2018,41,52
12/4/2018,49,51
12/4/2018,50,48
12/3/2018,42,51
12/6/2018,41.2,52.7
12/4/2018,43,48
12/5/2018,49,50
12/5/2018,50,50
12/4/2018,43,54
12/7/2018,41.8,52.3
12/6/2018,41,52
12/6/2018,50,49
12/7/2018,48,52
12/6/2018,49,51
12/6/2018,44,50
12/10/2018,43,56
12/8/2018,42.1,52
12/6/2018,41,47
12/9/2018,40,56
12/9/2018,46,52
12/6/2018,39,52
12/7/2018,48,52
12/9/2018,41.5,52.6
12/10/2018,41.4,52.8
12/8/2018,41,52
12/9/2018,48,51
12/9/2018,44,53
12/11/2018,42.9,52
12/10/2018,49,49
12/9/2018,44,51
12/9/2018,43,52
12/9/2018,39,52
12/9/2018,43.3,47.4
12/9/2018,41,51
12/10/2018,47,53
12/12/2018,43.7,51.8
12/10/2018,42,51
12/10/2018,43,50
12/9/2018,41,54
12/11/2018,48,52
12/11/2018,48,50
12/13/2018,44.3,51.2
12/11/2018,43,49
12/11/2018,48,52
12/11/2018,46,52
12/10/2018,42,53
12/12/2018,43,54
12/14/2018,44.2,51.2
12/12/2018,41,51
12/12/2018,50,50
12/12/2018,49,48
12/15/2018,45,50.8
12/14/2018,49,51
12/13/2018,48,50
12/12/2018,42,52
12/14/2018,48,51
12/13/2018,50,50
12/16/2018,45.8,50.4
12/16/2018,38,57
12/14/2018,49,51
12/14/2018,42,52
12/16/2018,47,51
12/14/2018,40,51
12/17/2018,44,54
12/16/2018,42.1,53.8
12/17/2018,44.3,51.8
12/14/2018,40,54
12/17/2018,46,53
12/17/2018,39,52
12/16/2018,42,53
12/16/2018,42,56
12/18/2018,43.2,52.6
12/17/2018,48,52
12/16/2018,41,55
12/19/2018,43,53
12/18/2018,47,53
12/19/2018,42.5,53
12/17/2018,42,52
12/17/2018,41,51
12/19/2018,38,55
12/18/2018,47,52
12/18/2018,41,50
12/20/2018,42.7,52.7
12/19/2018,48,51
12/21/2018,42.7,53.1
12/19/2018,44,54
12/19/2018,48,52
12/20/2018,48,52
12/20/2018,49,50
12/22/2018,42,53.2
12/20/2018,40,57
12/19/2018,41.5,51
12/21/2018,47,53
12/20/2018,42,52
12/23/2018,41.7,53.4
12/22/2018,39,55
12/22/2018,40,54
12/23/2018,46,52
12/24/2018,42.3,52.7
12/24/2018,47,53
12/23/2018,43,51
12/25/2018,41.5,53.3
12/23/2018,39,56
12/23/2018,39,52
12/26/2018,40.7,54.2
12/23/2018,38,53
12/27/2018,40.8,54.3
12/24/2018,41,53
12/25/2018,43,50
12/28/2018,40.8,53.8
12/26/2018,47,52
12/25/2018,44,56
12/27/2018,47,52
12/27/2018,41,51
12/29/2018,40.4,54.2
12/27/2018,41,53
12/26/2018,45,55
12/30/2018,40.1,54.3
12/27/2018,46,54
12/28/2018,45,55
12/28/2018,39,50
12/31/2018,40.1,54.4
12/29/2018,40,53
12/30/2018,40,52
1/1/2019,41,54
1/2/2019,39.6,56.1
12/31/2018,42,51
12/31/2018,45,55
1/3/2019,40.2,55.6
1/1/2019,42,51
1/1/2019,40,52
1/2/2019,47,51
1/4/2019,38.9,56.7
1/1/2019,43,50
1/2/2019,46,54
1/3/2019,46,54
1/2/2019,42,52
1/4/2019,47,53
1/3/2019,46,53
1/5/2019,38.9,56.4
1/4/2019,47,53
1/6/2019,38.5,56.5
1/3/2019,41,52
1/5/2019,41,53
1/7/2019,40,55.1
1/5/2019,41,53
1/4/2019,43,52
1/5/2019,48,52
1/6/2019,46,53
1/6/2019,43,52
1/6/2019,44,50
1/7/2019,46,53
1/8/2019,40,55.1
1/6/2019,47,53
1/7/2019,40,54
1/9/2019,41.3,53.3
1/10/2019,37,59
1/7/2019,46,54
1/12/2019,42,54
1/8/2019,47,52
1/10/2019,41.2,53.7
1/8/2019,40,51
1/7/2019,40,54
1/8/2019,44,56
1/11/2019,45,55
1/11/2019,41.9,53.5
1/9/2019,40,54
1/9/2019,40,53
1/9/2019,44,56
1/9/2019,45,53
1/10/2019,45,54
1/12/2019,41.4,54.3
1/10/2019,40,54
1/10/2019,44,56
1/13/2019,44,55
1/13/2019,41.8,53.9
1/10/2019,42,55
1/10/2019,42,56
1/11/2019,44,56
1/11/2019,37,57
1/13/2019,41,55
1/13/2019,43,55
1/11/2019,41.5,51
1/11/2019,45,55
1/14/2019,41,55
1/11/2019,42,53
1/12/2019,46,54
1/14/2019,37,59
1/12/2019,40,54
1/13/2019,43,52
1/14/2019,43,55
1/13/2019,42,52
1/14/2019,38,59
1/13/2019,46,54
1/13/2019,38,58
1/15/2019,40.9,55.1
1/13/2019,39,53
1/14/2019,42,54
1/13/2019,37,55
1/14/2019,45,55
1/16/2019,40.8,55.6
1/15/2019,43,55
1/17/2019,40.7,55.4
1/15/2019,43,57
1/15/2019,39,52
1/15/2019,41,53
1/17/2019,42,55
1/16/2019,40,53
1/18/2019,40.6,55.5
1/16/2019,42,58
1/18/2019,44,56
1/16/2019,44,55
1/16/2019,37,55
1/16/2019,45,55
1/19/2019,41.4,54.4
1/17/2019,44,55
1/17/2019,42,55
1/17/2019,42,58
1/16/2019,39,56
1/17/2019,39,55
1/18/2019,42,56
1/20/2019,40.6,55.1
1/18/2019,44,56
1/19/2019,40,55
1/19/2019,43,57
1/20/2019,34,65
1/20/2019,44,56
1/18/2019,38,55
1/21/2019,40.5,55
1/28/2019,42,54
1/20/2019,41,56
1/20/2019,40,55
1/20/2019,38,54
1/20/2019,41,54
1/20/2019,43,57
1/21/2019,44,56
1/22/2019,40.5,54.8
1/22/2019,44,56
1/21/2019,43,57
1/20/2019,40,55
1/21/2019,36,59
1/21/2019,40,57
1/23/2019,39.8,55.7
1/22/2019,40,57
1/22/2019,43,54
1/22/2019,44,56
1/24/2019,39.3,56.3
1/21/2019,41.5,51.5
1/21/2019,38,54
1/22/2019,40,52
1/22/2019,44,56
1/22/2019,40,54
1/23/2019,43,54
1/22/2019,44,56
1/25/2019,38.9,56.8
1/25/2019,43,57
1/23/2019,44,56
1/23/2019,44,55
1/24/2019,43,57
1/24/2019,45,54
1/24/2019,37,58
1/23/2019,39,54
1/26/2019,39,57.3
1/27/2019,37,59
1/25/2019,42,58
1/24/2019,41,54
1/27/2019,38.9,56.9
1/27/2019,45,54
1/26/2019,42,58
1/28/2019,39.3,56.6
1/25/2019,37,56
1/25/2019,39,54
1/27/2019,43,57
1/27/2019,41,54
1/29/2019,39.3,56.6
1/27/2019,40,54
1/28/2019,45,54
1/27/2019,40,55
1/27/2019,40,55
1/28/2019,40,55
1/28/2019,38,57
1/30/2019,38.5,57
1/27/2019,39,55
1/28/2019,44,56
1/31/2019,39.1,56.6
2/1/2019,39,57
1/28/2019,42,52
1/29/2019,43,56
1/29/2019,37,53
1/29/2019,44,56
2/1/2019,44,56
1/30/2019,43,56
2/1/2019,39.3,56.5
1/30/2019,43,57
1/29/2019,41,51
1/31/2019,39,59
1/31/2019,42,53
2/2/2019,39.2,56.3
1/31/2019,44,56
1/31/2019,43,57
1/30/2019,39,56
2/3/2019,39.9,56
1/31/2019,41,52
2/1/2019,44,56
2/3/2019,45,54
2/2/2019,40,55
2/3/2019,41,54
2/4/2019,39.1,56.6
2/1/2019,41,53
2/2/2019,45,55
2/2/2019,40,54
2/3/2019,39,56
2/5/2019,38.1,57.5
2/2/2019,41,56
2/3/2019,44,56
2/4/2019,48,51
2/6/2019,38.9,56.7
2/3/2019,38,54
2/4/2019,44,56
2/5/2019,40,52
2/5/2019,44,56
2/5/2019,48,51
2/4/2019,37,54
2/7/2019,37.4,58.2
2/5/2019,40,52
2/6/2019,49,50
2/8/2019,44,56
2/6/2019,45,55
2/8/2019,37.4,58.2
2/10/2019,44,52
2/9/2019,37.3,58.2
2/6/2019,41,52
2/7/2019,50,49
2/7/2019,44,56
2/10/2019,37.2,58.7
2/8/2019,45,55
2/8/2019,42,54
2/7/2019,39,53
2/10/2019,46,52
2/8/2019,47,53
2/11/2019,38,58
2/10/2019,52,47
2/9/2019,45,55
2/8/2019,41,51
2/10/2019,44,51
2/9/2019,40,52
2/10/2019,45,55
2/11/2019,50,48
2/12/2019,39,57.6
2/13/2019,39.9,56.3
2/11/2019,44,56
2/10/2019,41,53
2/12/2019,50,49
2/11/2019,40,54
2/12/2019,40,52
2/12/2019,46,52
2/12/2019,46,54
2/14/2019,41.1,54.9
2/15/2019,45,55
2/13/2019,50,49
2/12/2019,41,51
2/13/2019,46,54
2/15/2019,41.3,54.7
2/16/2019,41.1,54.7
2/14/2019,45,55
2/14/2019,50,49
2/13/2019,43,51
2/14/2019,42,50
2/17/2019,41.4,54.3
2/15/2019,44,56
2/17/2019,50,49
2/15/2019,43,51
2/16/2019,43,57
2/18/2019,41.5,54.4
2/16/2019,42.8,51.1
2/19/2019,41.4,54.5
2/17/2019,40,55
2/18/2019,41,52
2/17/2019,44,53
2/18/2019,49,50
2/17/2019,44,56
2/16/2019,44,50
2/17/2019,41,55
2/20/2019,40.7,55.3
2/19/2019,42,53
2/18/2019,44,56
2/18/2019,41,53
2/20/2019,45,52
2/19/2019,49,51
2/21/2019,40,54
2/19/2019,44,48
2/18/2019,45,55
2/21/2019,40.4,55.5
2/19/2019,43,57
2/24/2019,38,56
2/20/2019,44,53
2/22/2019,40.5,55.1
2/19/2019,43,51
2/20/2019,49,50
2/22/2019,45,55
2/20/2019,44,56
2/20/2019,45,55
2/28/2019,43,54
2/21/2019,44,56
2/21/2019,42,53
2/21/2019,41,53
2/23/2019,40.8,54.8
2/21/2019,49,49
2/22/2019,39,54
2/22/2019,47,53
2/25/2019,39.8,57.8
2/24/2019,40.3,55.2
2/23/2019,46,54
2/24/2019,49,49
2/25/2019,40.6,54.6
2/22/2019,42,50
2/24/2019,42,54
2/26/2019,40.5,54.9
2/24/2019,42,53
2/23/2019,42,53
2/23/2019,43,51
2/24/2019,45,55
2/24/2019,42,54
2/25/2019,49,50
2/27/2019,40.8,54.6
2/24/2019,43,51
2/25/2019,44,56
2/26/2019,40,51
2/25/2019,41,53
3/15/2019,42,53
2/26/2019,49,49
2/28/2019,40.2,55.3
2/26/2019,45,55
3/2/2019,41,53
2/27/2019,45,55
3/1/2019,45,55
2/27/2019,46,52
2/27/2019,49,50
3/1/2019,40.1,55.3
2/26/2019,43,52
2/28/2019,41,53
2/28/2019,47,53
2/28/2019,49,49
2/27/2019,41,52
3/2/2019,40.1,55.6
2/28/2019,40,53
3/3/2019,42,58
3/3/2019,39.8,55.6
3/1/2019,45,55
3/1/2019,42,51
3/4/2019,39,56.4
3/3/2019,47,51
3/2/2019,41,53
3/2/2019,46,54
3/3/2019,45,55
3/4/2019,48,51
3/3/2019,41,54
3/2/2019,41,55
3/5/2019,39.3,55.9
3/4/2019,45,55
3/4/2019,44,51
3/4/2019,38,55
3/4/2019,39,58
3/3/2019,40,53
3/6/2019,39.8,55.3
3/5/2019,45,55
3/5/2019,43,48
3/4/2019,41,55
3/5/2019,48,51
3/7/2019,40.8,54
3/4/2019,42,51
3/5/2019,39,51
3/6/2019,45,55
3/6/2019,50,49
3/8/2019,40.2,54.9
3/5/2019,42,55
3/7/2019,50,49
3/6/2019,45,55
3/7/2019,46,54
3/10/2019,39,57
3/9/2019,41.3,53.4
3/6/2019,43,50
3/8/2019,41,54
3/10/2019,41.3,54
3/10/2019,47,51
3/8/2019,46,54
3/7/2019,42,50
3/9/2019,46,54
3/11/2019,42.1,52.9
3/8/2019,40,52
3/10/2019,49,50
3/9/2019,41,51
3/12/2019,41.4,53.8
3/11/2019,47,51
3/10/2019,40,56
3/10/2019,40,55
3/10/2019,46,54
3/10/2019,41,54
3/14/2019,41,54
3/13/2019,40.7,54.4
3/10/2019,41,52
3/11/2019,45,55
3/14/2019,41.1,54.2
3/12/2019,46,54
3/11/2019,41,52
3/12/2019,42,50
3/12/2019,47,52
3/15/2019,41.3,54
3/13/2019,46,54
3/15/2019,46,54
3/13/2019,49,50
3/13/2019,42,51
3/14/2019,48,51
3/14/2019,47,53
3/16/2019,40.4,55.3
3/13/2019,42,51
3/15/2019,42,53
3/14/2019,42,54
3/15/2019,46,54
3/15/2019,38,55
3/17/2019,40.9,54.1
3/16/2019,46,54
3/15/2019,43,49
3/18/2019,40.7,55
3/17/2019,47.8,48.7
3/17/2019,41,53
3/17/2019,47,51
3/19/2019,38.2,57.1
3/17/2019,45,55
3/18/2019,41,54
3/18/2019,47,52
3/18/2019,40,58
3/17/2019,41,54
3/16/2019,39,53
3/17/2019,42,51
3/18/2019,40,57
3/17/2019,40,53
3/20/2019,39,56.2
3/17/2019,41,51
3/18/2019,45,55
3/21/2019,42,58
3/19/2019,39,53
3/21/2019,39.1,55.8
3/19/2019,48,50
3/19/2019,45,55
3/18/2019,43.2,50.1
3/18/2019,41,53
3/22/2019,40.1,54.7
3/22/2019,45,55
3/20/2019,44,56
3/20/2019,49,49
3/20/2019,41,55
3/20/2019,46,51
3/19/2019,45,55
3/19/2019,42,53
3/21/2019,45,53
3/23/2019,40.3,54.4
3/21/2019,40,49
3/21/2019,44,56
3/20/2019,43,50
3/21/2019,42,50
3/22/2019,43,57
3/24/2019,41.1,53.9
3/24/2019,45,54
3/22/2019,39,53
3/25/2019,41.6,52.9
3/23/2019,45,55
3/24/2019,49.2,49.6
3/25/2019,39,55
3/25/2019,40,55
3/24/2019,45,55
3/24/2019,41,55
3/24/2019,40,53
3/26/2019,42.3,52.2
3/24/2019,41,53
3/25/2019,47,52
3/25/2019,46,54
3/27/2019,42.4,52.2
3/24/2019,41,51
3/28/2019,42.7,52.2
3/27/2019,43,53
3/26/2019,49,50
3/25/2019,40,52
3/26/2019,45,55
3/26/2019,43,49
3/26/2019,42,55
3/26/2019,45,55
3/29/2019,46,54
3/27/2019,45,55
3/27/2019,41,51
3/29/2019,42.4,52.3
3/27/2019,50,49
3/26/2019,43,54
3/26/2019,40,54
3/27/2019,42,51
3/30/2019,42.4,52
3/27/2019,39,54
3/28/2019,49,50
3/28/2019,45,55
3/31/2019,41.9,52.6
3/28/2019,39,52
3/29/2019,45,55
3/28/2019,42,52
3/29/2019,39,53
4/1/2019,42,53.1
3/31/2019,51,49
3/30/2019,45,55
4/1/2019,48,51
4/2/2019,42.5,52.6
3/30/2019,43,51
3/31/2019,45,55
4/2/2019,42,52
4/3/2019,42.1,53
3/31/2019,44,50
4/1/2019,42,53
4/15/2019,34,52
4/1/2019,45,55
4/2/2019,50,48
4/2/2019,42,50
4/2/2019,45,55
4/4/2019,42.1,52.6
4/1/2019,42,50
4/5/2019,41.1,53.9
4/4/2019,43,52
4/3/2019,49,49
4/3/2019,44,50
4/6/2019,41,52
4/2/2019,46,54
4/3/2019,46,54
4/4/2019,45,55
4/3/2019,43,50
4/6/2019,40.5,55.1
4/4/2019,51,47
4/7/2019,40.2,54.8
4/5/2019,43,51
4/7/2019,46,52
4/5/2019,45,55
4/7/2019,39,58
4/7/2019,51,47
4/8/2019,39.3,55.7
4/5/2019,40,54
4/9/2019,45,51
4/6/2019,47,53
4/8/2019,53,45
4/9/2019,38.7,56.3
4/7/2019,42,52
4/7/2019,47,53
4/6/2019,40,53
4/7/2019,44,51
4/7/2019,40,56
4/7/2019,40,55
4/8/2019,46,54
4/9/2019,51,47
4/9/2019,39,51
4/8/2019,43,51
4/9/2019,44,56
4/10/2019,44,56
4/10/2019,50,49
4/9/2019,41,52
4/11/2019,49,50
4/11/2019,45,55
4/10/2019,41,51
4/12/2019,46,54
4/11/2019,39,52
4/12/2019,40,52
4/13/2019,42,53
4/13/2019,45,55
4/14/2019,50,49
4/14/2019,45,55
4/14/2019,42.9,49.1
4/14/2019,39,60
4/15/2019,42,52
4/13/2019,42,52
4/15/2019,40,54
4/15/2019,52,48
4/14/2019,44,51
4/16/2019,41,55
4/15/2019,44,56
4/14/2019,41,52
4/16/2019,41,50
4/15/2019,41,50
4/16/2019,45,51
4/16/2019,52,48
4/16/2019,45,55
4/16/2019,40,56
4/17/2019,46,54
4/17/2019,50,50
4/16/2019,46,54
4/16/2019,43,51
4/19/2019,45,55
4/17/2019,45,54
4/18/2019,46,54
4/17/2019,42,50
4/18/2019,49,51
4/19/2019,46,54
4/18/2019,41,51
4/21/2019,39,55
4/19/2019,37,56
4/20/2019,38,57
4/21/2019,47,51
4/19/2019,47,53
4/19/2019,40,51
4/20/2019,45,55
4/20/2019,39,57
4/22/2019,49,49
4/21/2019,37,57
4/21/2019,45,55
4/20/2019,41,52
4/23/2019,40,53
4/22/2019,45,55
4/21/2019,42,50
4/23/2019,46,54
4/23/2019,42,50
4/23/2019,49,49
4/22/2019,45,48
4/24/2019,50,48
4/23/2019,40,52
4/26/2019,45,55
4/24/2019,45,55
4/23/2019,45,55
4/24/2019,43,50
4/25/2019,44,56
4/25/2019,39,54
4/30/2019,46,50
4/24/2019,40,55
4/25/2019,49,49
4/27/2019,44,56
4/26/2019,45,55
4/25/2019,39,53
4/29/2019,41.8,55.1
4/28/2019,43,51
4/27/2019,44,56
4/27/2019,41,53
4/26/2019,42,52
4/28/2019,48,49
4/27/2019,40,51
4/28/2019,45,55
4/29/2019,41,53
4/29/2019,49,49
4/28/2019,43,52
4/29/2019,45,49
4/29/2019,45,55
4/29/2019,41,55
4/29/2019,39,54
4/30/2019,50,48
4/30/2019,42,50
4/30/2019,46,54
4/30/2019,41,52
4/30/2019,39,56
4/30/2019,46,54
5/1/2019,46,54
4/30/2019,43,52
5/1/2019,51,47
5/3/2019,46,54
5/1/2019,46,51
5/1/2019,40,54
5/2/2019,50,47
5/2/2019,46,54
5/1/2019,41,56
5/1/2019,46,54
5/5/2019,43,50
5/2/2019,41,53
5/3/2019,47,53
5/5/2019,50,48
5/4/2019,47,53
5/3/2019,40,51
5/5/2019,43,51
5/5/2019,40,54
5/6/2019,49,49
5/5/2019,47,53
5/6/2019,43,51
5/5/2019,40,54
5/6/2019,41,55
5/4/2019,42,49
5/6/2019,47,53
5/5/2019,44,52
5/6/2019,43,52
5/13/2019,40,59
5/7/2019,42,48
5/9/2019,48,48
5/7/2019,49,49
5/7/2019,47,53
5/6/2019,41,53
5/8/2019,47,53
5/7/2019,42,52
5/10/2019,46,54
5/7/2019,39,55
5/8/2019,49,50
5/12/2019,42,52
5/8/2019,40,52
5/9/2019,47,53
5/9/2019,49,50
5/10/2019,46,54
5/9/2019,41,52
5/11/2019,47,51
5/12/2019,44,53
5/12/2019,50,49
5/11/2019,39,55
5/10/2019,42,51
5/11/2019,44,56
5/11/2019,44,56
5/12/2019,38,55
5/13/2019,49,49
5/12/2019,44,56
5/12/2019,41,56
5/12/2019,41,53
5/13/2019,45,55
5/14/2019,39,55
5/13/2019,42.7,49.1
5/12/2019,43,51
5/13/2019,41,52
5/14/2019,48,50
5/14/2019,39,50
5/14/2019,46,53
5/14/2019,46,54
5/14/2019,45,50
5/15/2019,45,53
5/17/2019,46,54
5/15/2019,46,54
5/16/2019,46,54
5/15/2019,39,54
5/16/2019,45,53
5/16/2019,42,52
5/17/2019,46,54
5/17/2019,40,52
5/18/2019,45,55
5/19/2019,44,54
5/19/2019,42,56
5/20/2019,40,52
5/19/2019,37,58
5/20/2019,46,53
5/20/2019,38,57
5/19/2019,44,56
5/18/2019,42,52
5/20/2019,38,61
5/20/2019,40,55
5/20/2019,45,55
5/20/2019,41,52
5/20/2019,41,56
5/20/2019,40,56
5/20/2019,42,53
5/21/2019,41,51
5/21/2019,46,53
5/21/2019,46,54
5/24/2019,46,54
5/21/2019,40,54
5/22/2019,48,52
5/22/2019,42,53
5/22/2019,47,52
5/22/2019,40,53
5/23/2019,48,52
5/23/2019,46,52
5/23/2019,39.1,52.7
5/24/2019,46,54
5/23/2019,42,51
5/30/2019,40,55
5/25/2019,39,57
5/25/2019,45,55
5/26/2019,46,53
5/24/2019,42,53
5/26/2019,40,50
5/26/2019,42,51
5/26/2019,45,55
5/25/2019,44,56
5/27/2019,46,53
5/26/2019,42,51
5/27/2019,40,54
5/28/2019,47,52
5/28/2019,42,49
5/28/2019,46,54
5/28/2019,42,51
5/28/2019,42,51
5/31/2019,46,54
5/29/2019,46,54
5/29/2019,48,52
5/29/2019,43,51
5/30/2019,46,54
5/29/2019,41,57
5/30/2019,41,54
5/30/2019,48,51
5/31/2019,43,52
5/30/2019,40,52
5/30/2019,48,52
5/31/2019,46,54
6/1/2019,46,54
5/31/2019,42,54
6/2/2019,47,52
6/2/2019,46,54
6/3/2019,49,50
6/3/2019,44,54
6/1/2019,43,49
6/2/2019,41,53
6/2/2019,43,54
6/2/2019,41,51
6/4/2019,43,55
6/4/2019,41,49
6/3/2019,41,56
6/5/2019,39,57
6/3/2019,46,54
6/4/2019,49,50
6/4/2019,43,49
6/7/2019,42,52
6/4/2019,42,50
6/4/2019,46,54
6/7/2019,46,54
6/4/2019,44,48
6/5/2019,45,55
6/5/2019,50,49
6/6/2019,48.6,49.5
6/6/2019,45,55
6/5/2019,42,52
6/6/2019,48,50
6/9/2019,45,53
6/7/2019,46,54
6/6/2019,43,49
6/8/2019,45,55
6/9/2019,50,48
6/7/2019,43,50
6/9/2019,41,56
6/8/2019,45,55
6/9/2019,40,54
6/10/2019,49,49
6/9/2019,46,54
6/10/2019,40,55
6/8/2019,44,50
6/9/2019,40,54
6/10/2019,42,53
6/10/2019,45,55
6/9/2019,42,50
6/12/2019,44,53
6/10/2019,42,52
6/16/2019,43,55
6/11/2019,44,53
6/11/2019,42,49
6/11/2019,51,47
6/11/2019,44,56
6/11/2019,44,51
6/12/2019,44,56
6/12/2019,45,53
6/11/2019,40,57
6/14/2019,45,55
6/12/2019,50,47
6/12/2019,45,47
6/13/2019,45,55
6/13/2019,51,47
6/15/2019,48.7,48.1
6/14/2019,43,50
6/14/2019,46,54
6/14/2019,43,51
6/15/2019,45,55
6/16/2019,48,50
6/16/2019,41,54
6/17/2019,40,55
6/17/2019,41,50
6/16/2019,44,56
6/17/2019,48,51
6/17/2019,40,55
6/17/2019,38,60
6/17/2019,44,56
6/16/2019,41,51
6/17/2019,42,51
6/18/2019,47,50
6/17/2019,42,51
6/18/2019,43,49
6/18/2019,45,55
6/19/2019,50,48
6/19/2019,45,55
6/18/2019,43,49
6/21/2019,45,55
6/18/2019,41,57
6/20/2019,42,55
6/20/2019,45,55
6/20/2019,49,49
6/19/2019,45,50
6/21/2019,46,54
6/20/2019,43,48
6/22/2019,45,55
6/23/2019,48,50
6/21/2019,42,51
6/24/2019,47,51
6/22/2019,42,50
6/23/2019,41,55
6/24/2019,47,51
6/23/2019,46,54
6/23/2019,42,52
6/24/2019,42.7,48.3
6/23/2019,40,53
6/24/2019,46,54
6/24/2019,43,54
6/25/2019,47,53
6/27/2019,43,49
6/25/2019,42,48
6/24/2019,43,51
6/25/2019,48,50
6/26/2019,50,48
6/25/2019,41,55
6/25/2019,43,50
6/30/2019,41,54
6/26/2019,45,55
6/28/2019,45,55
6/26/2019,45,55
6/27/2019,46,54
6/27/2019,49,50
6/26/2019,40,53
6/28/2019,44,56
6/27/2019,44,48
6/28/2019,42,52
6/29/2019,45,55
6/30/2019,47,51
6/29/2019,44,56
7/1/2019,48,51
6/29/2019,41,51
6/30/2019,45,55
6/30/2019,43,52
7/1/2019,37,57
7/1/2019,46,54
7/2/2019,41,55
7/1/2019,44,53
6/30/2019,40,53
7/1/2019,41,54
7/1/2019,42.5,53
7/2/2019,49,50
7/2/2019,41,49
7/1/2019,42,51
7/2/2019,46,54
7/2/2019,41,53
7/3/2019,47,53
7/2/2019,44,49
7/3/2019,42,51
7/4/2019,46,54
7/4/2019,42,50
7/5/2019,45,55
7/7/2019,46,51
7/6/2019,45,55
7/7/2019,50,49
7/5/2019,45,49
7/7/2019,45,55
7/6/2019,43,51
7/8/2019,42,52
7/8/2019,49,51
7/8/2019,45,55
7/8/2019,44.2,47.9
7/7/2019,42,52
7/12/2019,44,51
7/9/2019,40,51
7/9/2019,45,55
7/9/2019,45,52
7/9/2019,49,50
7/8/2019,43,51
7/10/2019,45,55
7/10/2019,48,51
7/16/2019,48,51
7/12/2019,46,54
7/9/2019,47,53
7/10/2019,38,56
7/9/2019,41,54
7/9/2019,41,52
7/11/2019,46,54
7/11/2019,46,52
7/10/2019,43,50
7/12/2019,46,54
7/11/2019,45,49
7/14/2019,46,52
7/12/2019,42,49
7/14/2019,42,57
7/13/2019,47,53
7/12/2019,41,53
7/15/2019,48,50
7/14/2019,43,56
7/13/2019,43,51
7/14/2019,38,56
7/14/2019,47,53
7/15/2019,47,53
7/14/2019,42,51
7/16/2019,44,48
7/16/2019,47,53
7/16/2019,50,48
7/15/2019,43,50
7/17/2019,49,49
7/16/2019,41,55
7/17/2019,44,52
7/17/2019,46,54
7/16/2019,41,53
7/18/2019,39,56
7/17/2019,42,52
7/18/2019,46,54
7/18/2019,50,48
7/18/2019,42,53
7/18/2019,43,50
7/19/2019,48,52
7/21/2019,49,49
7/20/2019,41,56
7/20/2019,48,52
7/19/2019,42,52
7/22/2019,43,54
7/21/2019,38,56
7/21/2019,42,53
7/20/2019,41,52
7/22/2019,50,49
7/21/2019,47,53
7/21/2019,43,51
7/22/2019,46,54
7/21/2019,46,54
7/23/2019,44,52
7/23/2019,48,50
7/23/2019,46,54
7/22/2019,41,53
7/23/2019,46,51
7/23/2019,41,51
7/26/2019,46,54
7/24/2019,48,51
8/5/2019,37,63
7/23/2019,43,49
7/31/2019,42,54
7/28/2019,42,54
7/23/2019,41,56
7/24/2019,46,54
7/25/2019,47,51
7/25/2019,45,55
7/24/2019,41,52
7/25/2019,41,54
7/25/2019,40,57
7/26/2019,46,54
7/26/2019,40,53
7/28/2019,47,52
7/28/2019,46,53
7/27/2019,46,54
7/27/2019,42,52
7/31/2019,40,55
7/28/2019,46,54
7/27/2019,43,51
7/28/2019,40,54
7/29/2019,47,51
7/29/2019,47,53
7/29/2019,45.3,46.1
7/28/2019,42,53
7/30/2019,41,52
8/4/2019,40,59
7/30/2019,43,55
8/1/2019,40,56
7/30/2019,47,53
7/30/2019,47,52
7/29/2019,44,52
7/31/2019,47,53
8/2/2019,46,54
7/31/2019,48,51
7/30/2019,39,57
7/30/2019,46,48
8/1/2019,47,53
7/31/2019,40,53
8/1/2019,48,50
8/1/2019,43,52
8/1/2019,45,55
8/2/2019,46,54
8/4/2019,48,50
8/3/2019,43,52
8/2/2019,41,53
8/3/2019,39,56
8/3/2019,43,52
8/3/2019,46,54
8/4/2019,47,53
8/5/2019,41,54
8/3/2019,44,50
8/5/2019,49,49
8/5/2019,47,53
8/4/2019,41,52
8/6/2019,47,53
8/6/2019,47,51
8/5/2019,41,54
8/6/2019,41,49
8/7/2019,46,54
8/7/2019,41,55
8/7/2019,47,51
8/9/2019,47,53
8/6/2019,45,55
8/6/2019,40,53
8/8/2019,47,52
8/7/2019,42,52
8/8/2019,47,53
8/14/2019,41,54
8/8/2019,42,52
8/9/2019,46,54
8/10/2019,45,55
8/9/2019,41,54
8/9/2019,41,51
8/11/2019,47,52
8/10/2019,42,50
8/11/2019,42,54
8/11/2019,44,56
8/12/2019,46,53
8/12/2019,44,56
8/12/2019,51,47
8/11/2019,42,52
8/13/2019,41,50
8/13/2019,45,55
8/13/2019,43,56
8/14/2019,43,55
8/13/2019,45,54
8/12/2019,43,52
8/13/2019,40,55
8/14/2019,46,53
8/16/2019,46,54
8/14/2019,46,54
8/13/2019,40,52
8/13/2019,42,52
8/14/2019,43,50
8/15/2019,40,54
8/15/2019,47,53
8/15/2019,46,52
8/15/2019,43,51
8/16/2019,46,54
8/16/2019,42,53
8/17/2019,47,53
8/18/2019,46,53
8/18/2019,40,54
8/19/2019,44,54
8/18/2019,36,62
8/18/2019,42,55
8/17/2019,42,51
8/18/2019,46,54
8/18/2019,40,55
8/18/2019,41,53
8/19/2019,47,53
8/21/2019,44,56
8/20/2019,40,53
8/20/2019,41,50
8/20/2019,46,52
8/20/2019,41,55
8/20/2019,46,54
8/20/2019,46,54
8/19/2019,41,51
8/23/2019,47,53
8/21/2019,48,50
8/21/2019,47,53
8/20/2019,43,50
8/20/2019,41,55
8/22/2019,41,56
8/22/2019,46,54
8/21/2019,43,50
8/22/2019,50,48
8/24/2019,39,56
8/22/2019,43,51
8/23/2019,41,54
8/23/2019,47,53
8/24/2019,46,54
8/23/2019,40,53
8/30/2019,39,57
8/25/2019,48,50
8/24/2019,42,53
8/25/2019,44,53.5
8/25/2019,42,54
8/26/2019,47,51
8/25/2019,46,54
8/25/2019,40,55
8/24/2019,43,51
8/26/2019,38,56
8/25/2019,41,56
8/24/2019,46,54
8/26/2019,42.5,52.1
8/25/2019,41,53
8/26/2019,46,54
8/27/2019,47,52
8/27/2019,47,53
8/26/2019,39,54
8/30/2019,39,55
8/27/2019,42,49
8/28/2019,47,51
8/27/2019,40,54
8/30/2019,45,55
8/28/2019,46,54
8/28/2019,45,55
8/27/2019,39,57
8/28/2019,44,49
8/29/2019,40,56
8/29/2019,47,51
8/29/2019,46,54
8/30/2019,45,55
8/29/2019,42,52
8/31/2019,41,51
8/31/2019,46,54
9/1/2019,45,54
9/2/2019,46,53
9/1/2019,46,54
9/1/2019,44,49
9/2/2019,47,53
9/1/2019,44,50
9/3/2019,43,49
9/3/2019,47,53
9/2/2019,43,51
9/3/2019,46,52
9/15/2019,39,60
9/3/2019,43,51
9/4/2019,47,53
9/4/2019,46,52
9/6/2019,47,53
9/5/2019,47,53
9/4/2019,43,51
9/4/2019,40,54
9/5/2019,46,52
9/5/2019,38,56
9/5/2019,42,52
9/6/2019,47,53
9/8/2019,46,53
9/7/2019,42,53
9/7/2019,48,52
9/6/2019,44,50
9/7/2019,39,56
9/8/2019,41,54
9/9/2019,47,53
9/8/2019,41,54
9/8/2019,42,52
9/9/2019,39,55
9/8/2019,47,53
9/13/2019,40,60
9/8/2019,42,53
9/8/2019,43,54
9/9/2019,47,53
9/11/2019,43,54
9/10/2019,42,50
9/15/2019,43,54
9/10/2019,47,53
9/9/2019,42,51
9/15/2019,40,59
9/10/2019,47,53
9/10/2019,45,52
9/11/2019,48,52
9/10/2019,43,51
9/11/2019,48,51
9/10/2019,43,53
9/13/2019,48,52
9/11/2019,43,50
9/12/2019,47,52
9/12/2019,48,52
9/12/2019,47,53
9/12/2019,42,53
9/13/2019,48,52
9/14/2019,44,52
9/13/2019,42,51
9/14/2019,48,52
9/15/2019,50,49
9/15/2019,47,53
9/16/2019,49,50
9/15/2019,43,53
9/15/2019,42,53
9/14/2019,41,51
9/16/2019,41,57
9/15/2019,39,56
9/16/2019,46,54
9/15/2019,41,54
9/16/2019,45,53
9/17/2019,47,53
9/16/2019,42,53
9/17/2019,41,49
9/17/2019,45,54
9/17/2019,51,48
9/17/2019,48,50
9/20/2019,46,54
9/18/2019,46,54
9/17/2019,40,55
9/18/2019,49,50
9/17/2019,40,53
9/19/2019,52,47
9/18/2019,41,52
9/19/2019,45,55
9/20/2019,40,58
9/20/2019,41,53
9/20/2019,45,55
9/21/2019,45,55
9/22/2019,42,53
9/22/2019,52,46
9/21/2019,40,54
9/22/2019,40,53
9/22/2019,41,55
9/23/2019,53,45
9/22/2019,42,53
9/22/2019,46,54
9/23/2019,40,55
9/24/2019,43,57
9/23/2019,42,51
9/23/2019,46,54
9/23/2019,47.5,46.7
9/23/2019,40,59
9/24/2019,41,54
9/24/2019,51,47
9/30/2019,40,56
9/24/2019,46,54
9/24/2019,46,54
9/23/2019,43,49
9/24/2019,41,50
9/25/2019,49,49
9/25/2019,41,52
9/27/2019,47,53
9/25/2019,47,53
9/24/2019,43,54
9/25/2019,44,53
9/26/2019,39,53
9/26/2019,40,55
9/26/2019,41,56
9/26/2019,42,54
9/26/2019,48,50
9/25/2019,40,53
9/26/2019,47,53
9/26/2019,41,53
9/28/2019,37,53
9/27/2019,48,52
9/29/2019,41,53
9/29/2019,49,50
9/27/2019,41,53
9/28/2019,47,53
9/28/2019,41,54
9/27/2019,40,55
9/28/2019,39,55
9/29/2019,47,53
9/30/2019,48,50
9/29/2019,41,53
9/29/2019,39,54
9/30/2019,39,56
9/30/2019,43.8,52.4
9/29/2019,49,51
9/30/2019,47,53
9/30/2019,38,55
9/30/2019,41,56
10/1/2019,41,50
10/1/2019,42,52
10/1/2019,42,52
10/1/2019,47,53
10/1/2019,48,51
10/3/2019,43,54
10/1/2019,43,52
10/1/2019,40,55
10/2/2019,45,55
10/4/2019,46,54
10/2/2019,47,52
10/3/2019,45,55
10/2/2019,41,52
10/3/2019,48,50
10/3/2019,50,48
10/4/2019,45,55
10/3/2019,41,52
10/5/2019,38,57
10/5/2019,46,54
10/6/2019,47,51
10/4/2019,42,50
10/7/2019,45,52
10/6/2019,44,54
10/7/2019,39,57
10/6/2019,46,54
10/6/2019,43,53
10/5/2019,41,52
10/7/2019,45,55
10/8/2019,42,52
10/6/2019,42,52
10/8/2019,42,56
10/7/2019,40,54
10/8/2019,43,49
10/8/2019,43,55
10/7/2019,41,52
10/8/2019,46,54
10/13/2019,39,57
10/8/2019,46,52
10/8/2019,39,55
10/8/2019,41,57
10/15/2019,40,56
10/10/2019,43.3,53.3
10/8/2019,42,52
10/9/2019,47,53
10/9/2019,47,51
10/10/2019,49,50
10/10/2019,43,50
10/10/2019,47,53
10/9/2019,37,55
10/11/2019,46,54
10/10/2019,42,52
10/12/2019,44,56
10/11/2019,40,53
10/13/2019,49,50
10/13/2019,43,56
10/13/2019,37,59
10/12/2019,44,49
10/13/2019,41,54
10/13/2019,39,57
10/13/2019,39,57
10/13/2019,44,56
10/14/2019,49,50
10/13/2019,38,57
10/13/2019,42,52
10/14/2019,43,57
10/15/2019,41,57
10/15/2019,50,49
10/15/2019,43,57
10/14/2019,45,49
10/15/2019,39,51
10/15/2019,41,52
10/18/2019,45,55
10/16/2019,45,55
10/16/2019,48,51
10/15/2019,40,54
10/22/2019,44,54
10/17/2019,47,52
10/17/2019,41,52
10/17/2019,46,54
10/18/2019,47,53
10/17/2019,39,55
10/20/2019,45,53
10/19/2019,39,56
10/21/2019,42,54
10/18/2019,39,53
10/21/2019,38,58
10/20/2019,37,59
10/20/2019,41,57
10/21/2019,40,56
10/20/2019,40,54
10/20/2019,44,54
10/21/2019,45,52
10/20/2019,41,52
10/22/2019,39,55
10/21/2019,42,52
10/21/2019,41,56
10/21/2019,43.2,46.7
10/23/2019,40,50
10/22/2019,46,53
10/22/2019,44,53
10/22/2019,42,49
10/21/2019,40,53
10/28/2019,37,60
10/23/2019,43,54
10/23/2019,40,53
10/24/2019,39,53
10/24/2019,43,56
10/31/2019,41,57
10/24/2019,44,50
10/27/2019,45,54
10/26/2019,45.8,51.8
10/25/2019,42,51
10/28/2019,42,56
10/26/2019,41,52
10/27/2019,39,56
10/28/2019,46,53
10/28/2019,40,54
10/28/2019,43,54
10/27/2019,40,51
10/31/2019,48.7,51.3
10/28/2019,41,51
10/29/2019,47,52
10/31/2019,39,56
10/29/2019,40,53
10/28/2019,46,54
10/30/2019,45,53
10/30/2019,38,58
10/29/2019,40,57
10/30/2019,45,54
10/29/2019,42,51
10/30/2019,42,57
10/31/2019,46,54
10/31/2019,39,52
10/31/2019,45,54
10/30/2019,40,56
10/31/2019,43,49
11/3/2019,43,51
11/3/2019,44,55
11/1/2019,41,51
11/3/2019,41,53
11/3/2019,41,55
11/4/2019,46,54
11/2/2019,41,54
11/5/2019,41,57
11/4/2019,42,50
11/4/2019,41,52
11/5/2019,46,52
11/5/2019,41,50
11/5/2019,41,53
11/6/2019,50,49
11/5/2019,40,54
11/6/2019,42,52
11/7/2019,49,50
11/7/2019,41,51
11/8/2019,39,56
11/8/2019,39,56
11/14/2019,43,54
11/8/2019,41,51
11/9/2019,39,55
11/10/2019,47,52
11/10/2019,41,54
11/11/2019,44,54
11/10/2019,38,52
11/10/2019,40,57
11/9/2019,47,53
11/12/2019,41,57
11/11/2019,41,53
11/12/2019,46,53
11/12/2019,41,50
11/12/2019,40,53
11/13/2019,48,51
11/13/2019,41,51
11/13/2019,39,58
11/14/2019,50,49
11/15/2019,41,51
11/15/2019,43,50
11/15/2019,41,52
11/15/2019,41,53
11/16/2019,40,52
11/17/2019,50,49
11/15/2019,41,54
11/18/2019,43.4,55
11/17/2019,41,52
11/18/2019,48,51
11/17/2019,40,55
11/17/2019,38,57
11/17/2019,40,54
11/17/2019,41,55
11/18/2019,43,51
11/19/2019,45,49
11/19/2019,39,51
11/21/2019,42,56
11/19/2019,48,51
11/19/2019,40,55
11/20/2019,46,53
11/20/2019,48.3,46.5
11/20/2019,37,60
11/20/2019,43,49
11/21/2019,46,52
11/21/2019,43,54
11/21/2019,41,52
11/22/2019,42,51
11/22/2019,40,52
11/22/2019,44,52
11/24/2019,44,55
11/22/2019,44,50
11/24/2019,40,56
11/24/2019,42,54
11/25/2019,40,54
11/25/2019,46,53
11/24/2019,41,52
11/24/2019,42,53
11/24/2019,39,56
11/25/2019,42,51
11/26/2019,43,50
11/26/2019,41,52
11/27/2019,40,51
11/26/2019,41,54
11/30/2019,40,53
11/28/2019,40,53
11/29/2019,41,51
11/29/2019,40,55
11/29/2019,47,53
12/1/2019,46,53
11/30/2019,40,51
12/1/2019,39,53
12/2/2019,48,50
12/2/2019,40,53
12/3/2019,41,53
12/3/2019,41,50
12/3/2019,49,50
12/4/2019,52,47
12/3/2019,39,55
12/4/2019,42,51
12/5/2019,51,48
12/4/2019,40,54
12/5/2019,41,56
12/5/2019,39,54
12/6/2019,38,52
12/6/2019,41,51
12/8/2019,43,50
12/8/2019,51,48
12/8/2019,41,56
12/7/2019,39,56
12/7/2019,43,50
12/9/2019,41,55
12/9/2019,50,49
12/9/2019,41,54
12/8/2019,50,48
12/9/2019,40,60
12/7/2019,41,52
12/8/2019,39,58
12/9/2019,41,51
12/10/2019,41,51
12/9/2019,46,54
12/11/2019,43,54
12/10/2019,51,48
12/10/2019,42,49
12/15/2019,45,51
12/11/2019,42,52
12/10/2019,40,54
12/11/2019,45,53
12/11/2019,49,50
12/10/2019,42,50
12/14/2019,44,52
12/12/2019,49,49
12/12/2019,41,50
12/13/2019,40,49
12/12/2019,41,51
12/14/2019,48.1,49.5
12/14/2019,40,52
12/14/2019,41,53
12/15/2019,47,51
12/15/2019,43,52
12/15/2019,43,53
12/16/2019,48,49
12/15/2019,40,53
12/15/2019,44,50
12/14/2019,49,51
12/15/2019,41,56
12/16/2019,40,50
12/16/2019,43,54
12/18/2019,46,53
12/17/2019,40,50
12/17/2019,42,52
12/17/2019,46.3,48.6
12/17/2019,44,54
12/17/2019,49,49
12/18/2019,49,49
12/17/2019,41,53
12/18/2019,42,51
12/19/2019,39,54
12/19/2019,50,48
12/20/2019,43,51
12/20/2019,39,57
12/19/2019,42,52
12/19/2019,39,51
12/22/2019,48,51
12/20/2019,41,56
12/22/2019,42,53
12/23/2019,48,51
12/22/2019,40,53
12/23/2019,39,51
12/22/2019,41,53
12/23/2019,42,53
12/24/2019,40,52
12/24/2019,40,52
12/30/2019,40,59
12/26/2019,42,51
12/26/2019,46,53
12/26/2019,42,52
12/27/2019,41,53
12/27/2019,40,56
12/29/2019,46,53
12/28/2019,40,51
12/29/2019,40,52
12/30/2019,48,51
12/29/2019,47,53
12/30/2019,41,51
12/31/2019,40,52
12/31/2019,40,52
12/31/2019,42,49
1/2/2020,50,50
1/1/2020,41,50
1/3/2020,41,52
1/5/2020,49,50
1/4/2020,42,50
1/6/2020,48,50
1/5/2020,40,54
1/4/2020,47,53
1/5/2020,41,56
1/6/2020,42,52
1/7/2020,46,53
1/8/2020,41,55
1/7/2020,43,50
1/7/2020,41,52
1/7/2020,40,55
1/8/2020,40,55
1/8/2020,48,51
1/8/2020,39,54
1/11/2020,43,51
1/7/2020,41,53
1/9/2020,48,51
1/9/2020,39,54
1/10/2020,42,50
1/9/2020,40,55
1/11/2020,42,54
1/15/2020,44,53
1/11/2020,42,54
1/12/2020,48,50
1/12/2020,41,53
1/11/2020,40,51
1/12/2020,43,52
1/12/2020,41,54
1/13/2020,49,50
1/11/2020,41,52
1/13/2020,39,52
1/19/2020,40,58
1/14/2020,49,50
1/14/2020,45,53
1/14/2020,44,48
1/14/2020,40,53
1/15/2020,39,52
1/15/2020,51,47
1/14/2020,47,53
1/15/2020,43,54
1/14/2020,39,56
1/16/2020,49,50
1/16/2020,40,52
1/16/2020,51,47
1/17/2020,40,53
1/16/2020,42,54
1/19/2020,48,51
1/18/2020,41,54
1/18/2020,44,49
1/19/2020,41,53
1/19/2020,42,53
1/20/2020,47,53
1/20/2020,43,52
1/19/2020,43,53
1/20/2020,37,59
1/21/2020,43,55
1/22/2020,42,56
1/21/2020,41,58
1/22/2020,42,54
1/21/2020,43,52
1/21/2020,45,48
1/21/2020,41,50
1/21/2020,46,53
1/22/2020,48,50
1/21/2020,39,54
1/22/2020,45,54
1/23/2020,49,49
1/22/2020,41,48
1/23/2020,44,51
1/23/2020,45,48
1/23/2020,47.4,47.6
1/22/2020,39,56
1/24/2020,43,50
1/29/2020,49,50
1/25/2020,42,54
1/24/2020,39,54
1/24/2020,42,55
1/26/2020,50,49
1/26/2020,43,51
1/27/2020,49,50
1/27/2020,43,52
1/26/2020,41,55
1/26/2020,40,55
1/27/2020,41,54
1/30/2020,44,51
1/28/2020,42,54
1/28/2020,42,50
1/28/2020,49,51
1/29/2020,40,55
1/29/2020,43,51
1/29/2020,46,51
1/28/2020,43,50
1/29/2020,46,54
1/28/2020,39,55
1/29/2020,50,49
1/29/2020,42,54
1/29/2020,38,52
1/30/2020,50,49
1/30/2020,42,53
1/30/2020,43,54
1/31/2020,41,52
2/2/2020,48,50
2/1/2020,41,54
2/1/2020,40,53
2/3/2020,48,51
2/2/2020,40.5,54
2/2/2020,50,48
2/2/2020,40,51
2/2/2020,44.7,53.9
2/3/2020,40,52
2/4/2020,48,50
2/4/2020,41,50
2/4/2020,42,52
2/5/2020,50,49
2/5/2020,41,49
2/4/2020,42,54
2/6/2020,49,49
2/5/2020,44,53
2/5/2020,42,53
2/5/2020,45,51
2/7/2020,43,50
2/7/2020,43,48
2/7/2020,49,51
2/9/2020,43,53
2/9/2020,50,48
2/9/2020,41,50
2/9/2020,43,54
2/9/2020,44,50
2/9/2020,41,54
2/9/2020,40,53
2/10/2020,49,49
2/14/2020,43.1,51.9
2/10/2020,41,52
2/11/2020,47,52
2/16/2020,49,48
2/11/2020,50,48
2/11/2020,40,51
2/11/2020,40,51
2/12/2020,40,51
2/12/2020,50,49
2/11/2020,41,54
2/13/2020,42,49
2/12/2020,41,56
2/13/2020,49,49
2/14/2020,45,52
2/13/2020,46,52
2/14/2020,51,47
2/15/2020,42,53
2/15/2020,42,51
2/15/2020,42,48
2/15/2020,43,52
2/16/2020,49,50
2/17/2020,44,52
2/16/2020,43,56
2/17/2020,50,49
2/15/2020,49,51
2/16/2020,42,51
2/16/2020,42,51
2/17/2020,42,52
2/17/2020,47,50
2/17/2020,45,53
2/18/2020,42,54
2/17/2020,42,54
2/17/2020,43,53
2/18/2020,42,48
2/18/2020,48,44.3
2/18/2020,50,49
2/18/2020,40,52
2/19/2020,49,50
2/19/2020,44,49
2/20/2020,41,52
2/19/2020,41,56
2/20/2020,37,59
2/20/2020,49,51
2/21/2020,41,53
2/22/2020,44.3,53.7
2/23/2020,49,50
2/22/2020,41,50
2/23/2020,40,50
2/23/2020,41,55
2/23/2020,41,55
2/23/2020,45,52
2/24/2020,52,47
2/25/2020,42,54
2/28/2020,47,51
2/23/2020,42,55
2/24/2020,40,52
2/25/2020,42,51
2/25/2020,42,50
2/25/2020,51,48
2/26/2020,52,47
2/29/2020,41,54
2/25/2020,41,51
2/26/2020,42,53
2/26/2020,47,52
2/27/2020,47,52
2/27/2020,41,53
2/28/2020,47,53
2/28/2020,41,50
2/27/2020,44,55
2/29/2020,43,50
3/1/2020,46,52
3/1/2020,43,52
3/1/2020,44,53
3/1/2020,38,53
3/2/2020,47,51
3/1/2020,43,52
3/1/2020,42,56
3/3/2020,48,49
3/3/2020,43,51
3/3/2020,41,51
3/3/2020,41,48
3/3/2020,42,53
3/3/2020,41,55
3/4/2020,48,50
3/4/2020,43,51
3/5/2020,42,53
3/5/2020,47,51
3/4/2020,42,55
3/5/2020,43,50
3/6/2020,41,51
3/7/2020,42,56
3/7/2020,42,52
3/8/2020,48,51
3/7/2020,43,53
3/7/2020,42,53
3/8/2020,44,50
3/8/2020,41,56
3/8/2020,44,53
3/8/2020,41,54
3/9/2020,48,51
3/9/2020,42,53
3/9/2020,41,52
3/13/2020,44,52
3/10/2020,47,52
3/9/2020,46,54
3/12/2020,49,51.1
3/10/2020,44,48
3/9/2020,43,51
3/11/2020,48,50
3/11/2020,45,55
3/11/2020,41,51
3/10/2020,40,55
3/12/2020,43,52
3/11/2020,40,52
3/12/2020,44,48
3/12/2020,49,50
3/13/2020,42,51
3/13/2020,46,51
3/14/2020,43,52
3/15/2020,47,52
3/14/2020,42,51
3/13/2020,40,55
3/15/2020,47,51
3/16/2020,46,53
3/14/2020,43,50
3/15/2020,42,53
3/15/2020,41,52
3/15/2020,49,51
3/16/2020,42,54
3/16/2020,41,52
3/17/2020,46,53
3/17/2020,45,51
3/17/2020,44,52
3/18/2020,44,52
3/24/2020,43,54
3/17/2020,42,53
3/18/2020,47,52
3/19/2020,46,52
3/18/2020,53,47
3/22/2020,49,45
3/19/2020,47,48
3/19/2020,35,62
3/20/2020,46,50
3/19/2020,45.8,45
3/20/2020,45,49
3/21/2020,44,50
3/22/2020,46,48
3/22/2020,45,52
3/21/2020,48,46
3/22/2020,45,50
3/24/2020,44,52
3/22/2020,42,51
3/23/2020,46,52
3/22/2020,45,52
3/22/2020,54,46
3/23/2020,46,48
3/24/2020,45,52
3/24/2020,45,54
3/23/2020,47,49
3/24/2020,48,51
3/24/2020,46,49
3/24/2020,42,53
3/23/2020,50,50
3/24/2020,46,53
3/24/2020,46,51
3/25/2020,48,46
3/25/2020,46,52
3/25/2020,45,50
3/25/2020,46,52
3/26/2020,48,52
3/26/2020,46,52
3/25/2020,43,52
3/28/2020,44,56
3/26/2020,46,52
3/26/2020,44,50
3/26/2020,46,48
3/26/2020,51,47
3/26/2020,49,50
3/27/2020,43,52
3/26/2020,40,52
3/27/2020,46,52
3/28/2020,43,51
3/29/2020,45,54
3/30/2020,47,51
3/29/2020,43,56
3/30/2020,47,52
3/29/2020,44,50.5
3/29/2020,47,53
3/29/2020,44,51
3/29/2020,45,51
3/30/2020,48,49
3/30/2020,49,51
3/30/2020,48,45
3/31/2020,48,51
3/30/2020,45,49
3/31/2020,43,52
3/31/2020,48,51
4/1/2020,47,51
3/31/2020,47,46
4/1/2020,45,49
4/1/2020,48,50
4/1/2020,45,45
3/31/2020,44,51
4/2/2020,47,51
4/1/2020,42,52
4/2/2020,44,53
4/2/2020,45,52
4/4/2020,44.4,55.5
4/3/2020,45,52
4/3/2020,45,50
4/4/2020,47,49
4/3/2020,43,52
4/5/2020,44,53
4/4/2020,42,52
4/3/2020,49,51
4/3/2020,45,55
4/5/2020,43,52
4/5/2020,44,54
4/6/2020,45,51
4/6/2020,45,52
4/5/2020,45,52
4/4/2020,42,52
4/5/2020,46,54
4/6/2020,47,51
4/5/2020,43,51
4/7/2020,44,54
4/6/2020,46,43
4/6/2020,44,51
4/7/2020,44,49
4/7/2020,45,51
4/7/2020,47,52
4/8/2020,45,52
4/7/2020,43,50
4/7/2020,49,49
4/10/2020,43.1,57
4/9/2020,46,52
4/8/2020,42,51
4/8/2020,46,52
4/7/2020,40,55
4/7/2020,41,51
4/14/2020,43,54
4/9/2020,43,51
4/9/2020,43,56
4/9/2020,44,52
4/10/2020,46,51
4/10/2020,47,49
4/11/2020,43,50
4/10/2020,43,53
4/11/2020,42,53
4/10/2020,40,54
4/12/2020,44,53
4/11/2020,45,51
4/12/2020,43,56
4/12/2020,45,50
4/12/2020,43,53
4/14/2020,41.6,58.4
4/13/2020,46,52
4/12/2020,45,52
4/13/2020,44,55
4/13/2020,48,52
4/15/2020,43,46
4/14/2020,47,51
4/13/2020,44,51
4/14/2020,46,51
4/14/2020,46,48
4/15/2020,46,53
4/14/2020,44,53
4/14/2020,45,54
4/15/2020,44,56
4/15/2020,46,49
4/15/2020,46,53
4/14/2020,45,51
4/15/2020,46,51
4/16/2020,49,51
4/16/2020,46,53
4/16/2020,42,54
4/16/2020,42,53
4/18/2020,43.7,56.3
4/16/2020,44,54
4/17/2020,43,55
4/17/2020,43,51
4/18/2020,44,51
4/18/2020,43,52
4/19/2020,46,53
4/19/2020,44,51
4/19/2020,45,49
4/20/2020,42,57
4/20/2020,44,54
4/20/2020,48,51
4/21/2020,42,52
4/19/2020,44,51
4/21/2020,44.9,55
4/18/2020,45,55
4/20/2020,44,51
4/20/2020,44,55
4/21/2020,43,54
4/19/2020,45,52
4/20/2020,44,51
4/19/2020,44,51
4/20/2020,41,55
4/21/2020,44,51
4/22/2020,42,55
4/20/2020,50,50
4/21/2020,43,54
4/21/2020,46,47
4/21/2020,44,55
4/22/2020,43,51
4/28/2020,49,47
4/22/2020,44,55
4/23/2020,45,54
4/23/2020,42,55
4/25/2020,44.9,55.1
4/23/2020,47,46
4/24/2020,42,50
4/24/2020,42,56
4/24/2020,44,51
4/25/2020,43.3,53.4
4/24/2020,43,53
4/26/2020,44,54
4/25/2020,44,49
4/26/2020,42,52
4/26/2020,41,53
4/27/2020,44,55
4/27/2020,44,54
4/28/2020,44.9,55.1
4/26/2020,44,52
4/26/2020,42.5,52
4/28/2020,44,55
4/27/2020,44,52
4/29/2020,44,55
4/28/2020,41.1,49.6
4/28/2020,45,50
4/28/2020,44,50
4/28/2020,46,52
4/29/2020,46,52
4/29/2020,42,53
4/29/2020,44,44
4/29/2020,43,54
5/2/2020,43.6,56.3
4/30/2020,45,53
4/30/2020,45,49
4/30/2020,45,53
5/1/2020,45,48
4/30/2020,43,51
5/1/2020,39,48
5/1/2020,46,52
5/2/2020,46,48
5/3/2020,46,53
5/2/2020,44,53
5/4/2020,46,52
5/5/2020,42.1,57.9
5/3/2020,45,50
5/3/2020,46,54
5/4/2020,43,51
5/4/2020,47,52
5/3/2020,42,53
5/3/2020,44,53
5/5/2020,44,55
5/3/2020,42,52
5/4/2020,45,51
5/5/2020,45,48
5/5/2020,47,47
5/5/2020,49,49
5/6/2020,42,56
5/6/2020,49,48
5/6/2020,44,52
5/5/2020,42,52
5/5/2020,42,53
5/7/2020,44,51
5/9/2020,41.8,58.2
5/7/2020,49,49
5/7/2020,43,55
5/6/2020,51,49
5/8/2020,45,53
5/8/2020,43,52
5/13/2020,49,48
5/8/2020,40,53
5/9/2020,41,54
5/9/2020,43,52
5/9/2020,44,52
5/10/2020,48,50
5/9/2020,42,54
5/12/2020,42.6,57.3
5/10/2020,44,50
5/11/2020,46,52
5/10/2020,45,51
5/10/2020,42,53
5/10/2020,42,52
5/11/2020,45,53
5/12/2020,44,53
5/11/2020,45,49
5/12/2020,44,52
5/13/2020,43,55
5/12/2020,46,49
5/12/2020,47,51
5/13/2020,45,50
5/13/2020,48,51
5/12/2020,41,56
5/14/2020,44,51
5/16/2020,41.8,58.2
5/14/2020,42,56
5/14/2020,49,50
5/14/2020,47,53
5/14/2020,50,50
5/15/2020,41,57
5/15/2020,44,50
5/15/2020,42,53
5/16/2020,43,51
5/16/2020,45,51
5/17/2020,48,51
5/17/2020,43,53
5/18/2020,46,52
5/18/2020,46,53
5/19/2020,39.1,60.9
5/18/2020,41,58
5/18/2020,42,53
5/17/2020,42,53
5/17/2020,46,50
5/17/2020,46,54
5/17/2020,40,56
5/18/2020,43,55
5/18/2020,41,53
5/18/2020,41,55
5/19/2020,43,50
5/19/2020,40,54
5/19/2020,46,53
5/20/2020,42,54
5/20/2020,43,54
5/20/2020,40,57
5/20/2020,44,54
5/19/2020,41,54
5/20/2020,45,54
5/21/2020,46,53
5/21/2020,42,53
5/21/2020,43,50
